acetylation,acetylate
activation,activate
aggregation,aggregate
alleviation,alleviate
alteration,alter
amplification,amplify
association,associate
attenuation,attenuate
augmentation,augment
binding,bind
characterization,characterize
cleavage,cleave
collaboration,collaborate
connection,connect
constraint,constrain
contribution,contribute
control,control
coordination,coordinate
correlation,correlate
coupling,couple
deacetylation,deacetylate
deactivation,deactivate
decrease,decrease
degradation,degrade
demethylation,demethylate
deregulation,deregulate
destabilization,destabilize
determination,determine
dephosphorylation,dephosphorylate
deubiquitination,deubiquitinate
diminution,diminish
disruption,disrupt
dissociation,dissociate
downregulation,downregulate
elevation,elevate
enhancement,enhance
enrichment,enrich
evaluation,evaluate
exertion,exert
exhibition,exhibit
expression,express
farnesylation,farnesylate
formation,form
generation,generate
glycosylation,glycosylate
governance,govern
hydroxylation,hydroxylate
identification, identify
impairment,impair
inactivation,inactivate
induction,induce
inhibition,inhibit
initiation,initiate
interaction,interact
increase,increase
involvement,involve
localization,localize
mediation,mediate
methylation,methylate
modification,modify
modulation,modulate
monoubiquitination,monoubiquitinate
myristoylation,myristoylate
occupation,occupy
operation,operate
organization,organize
overexpression,overexpress
oxidation,oxidize
palmitoylation,palmitoylate
perturbation,perturb
phosphorylation,phosphorylate
polyubiquitination,polyubiquitinate
preservation,preserve
promotion,promote
protection,protect
provision,provide
reactivation,reactivate
recruitment,recruit
release,release
reduction,reduce
regulation,regulate
repression,repress
requirement,require
rescue,rescue
restoration,restore
restraint,restrain
restriction,restrict
retention,retain
ribosylation,ribosylate
sequestration,sequester
sensitization,sensitize
signaling,signal
silencing,silence
specification,specify
splicing,splice
stabilization,stabilize
stimulation,stimulate
support,support
suppression,suppress
succinylation,succinylate
sumoylation,sumoylate
synergism,synergize
synergy,synergize
transactivation,transactivate
transcription,transcribe
translocation,translocate
ubiquitination,ubiquitinate
ubiquitylation,ubiquitylate
upregulation,upregulate
