corpus,sentence_id,carrier_word,pattern_key,role,is_evaluable,gold_positive,gold_label
hprd50,HPRD50.d1.s0,mcp,structural|AB|contact|_|verbal,targets,1,1,positive
hprd50,HPRD50.d1.s0,mcp,relational|RELATIONAL|is-a|_|verbal,entities_a,0,0,unlabeled
hprd50,HPRD50.d1.s1,binding,structural|AB|provide|_|verbal,sources,0,0,unlabeled
hprd50,HPRD50.d1.s2,n-terminus,structural|AB|bind|_|verbal,sources,1,1,positive
hprd50,HPRD50.d1.s3,region,structural|AB|identify|of|verbal,targets,0,0,unlabeled
hprd50,HPRD50.d1.s3,region,structural|AB|contact|_|verbal,sources,0,0,unlabeled
hprd50,HPRD50.d10.s0,adhesion,relational|RELATIONAL|is-a|_|verbal,entities_a,0,0,unlabeled
hprd50,HPRD50.d10.s2,binding,structural|AB|support|_|verbal,targets,1,1,positive
hprd50,HPRD50.d10.s3,glycoform,structural|AB|bind|of|verbal,targets,1,1,positive
hprd50,HPRD50.d11.s0,interaction,structural|AB|activate|_|verbal,sources,1,1,positive
hprd50,HPRD50.d11.s1,docking,structural|AB|provide|for|verbal,targets,1,1,positive
hprd50,HPRD50.d13.s1,finger-dependent,structural|AB|result|in|verbal,targets,1,1,positive
hprd50,HPRD50.d13.s1,overexpression,structural|AB|result|in|verbal,sources,1,1,positive
hprd50,HPRD50.d13.s1,overexpression,structural|AB|raise|_|verbal,sources,0,0,unlabeled
hprd50,HPRD50.d13.s2,adapter,relational|RELATIONAL|adapter|_|nominalized,entities_b,0,0,unlabeled
hprd50,HPRD50.d15.s1,possibility,structural|AB|clarify|_|verbal,sources,0,0,unlabeled
hprd50,HPRD50.d15.s1,possibility,structural|AB|explore|_|verbal,contexts,0,0,unlabeled
hprd50,HPRD50.d15.s2,mab,structural|AB|coprecipitate|with|passive,sources,1,0,negative
hprd50,HPRD50.d15.s3,mab,structural|AB|immunoprecipitate|_|passive,sources,1,1,positive
hprd50,HPRD50.d16.s0,inhibitor,relational|RELATIONAL|inhibitor|_|nominalized,entities_b,0,0,unlabeled
hprd50,HPRD50.d16.s2,inhibition,structural|AB|implicate|in|verbal,targets,0,0,unlabeled
hprd50,HPRD50.d16.s4,complex,structural|AB|interact|with|verbal,targets,1,1,positive
hprd50,HPRD50.d16.s5,inhibition,structural|AB|result|in|verbal,targets,1,1,positive
hprd50,HPRD50.d16.s6,inhibition,structural|AB|involve|_|verbal,sources,0,0,unlabeled
hprd50,HPRD50.d17.s0,domain,structural|AB|contain|at|verbal,targets,1,0,negative
hprd50,HPRD50.d18.s1,know,relational|RELATIONAL|is-a|_|verbal,entities_a,0,0,unlabeled
hprd50,HPRD50.d18.s2,member,structural|AB|interact|with|verbal,targets,1,1,positive
hprd50,HPRD50.d18.s3,expression,structural|AB|lack|_|verbal,targets,0,0,unlabeled
hprd50,HPRD50.d19.s0,protein,structural|AB|modulate|_|verbal,sources,0,0,unlabeled
hprd50,HPRD50.d19.s1,protein,structural|AA|interact|_|verbal,participants,0,0,unlabeled
hprd50,HPRD50.d19.s1,protein,structural|AB|increase|_|verbal,sources,0,0,unlabeled
hprd50,HPRD50.d19.s2,portion,structural|AB|bind|_|verbal,sources,0,0,unlabeled
hprd50,HPRD50.d2.s0,monomer,structural|AB|encode|_|verbal,targets,0,0,unlabeled
hprd50,HPRD50.d2.s0,subunit,structural|AB|encode|_|verbal,targets,0,0,unlabeled
hprd50,HPRD50.d2.s1,fsh,structural|AB|restrict|to|passive,targets,0,0,unlabeled
hprd50,HPRD50.d2.s1,subunit,structural|AB|interact|with|verbal,targets,0,0,unlabeled
hprd50,HPRD50.d2.s3,chain,structural|AB|produce|_|verbal,targets,1,0,negative
hprd50,HPRD50.d2.s3,chain,relational|RELATIONAL|is-a|_|verbal,entities_a,0,0,unlabeled
hprd50,HPRD50.d2.s3,gene,structural|AB|fuse|_|passive,contexts,0,0,unlabeled
hprd50,HPRD50.d2.s3,gene,structural|AB|produce|_|verbal,sources,1,0,negative
hprd50,HPRD50.d20.s0,proteins,structural|AB|form|with|verbal,sources,1,1,positive
hprd50,HPRD50.d20.s2,contrast,structural|AB|alleviate|in|verbal,targets,1,0,negative
hprd50,HPRD50.d20.s2,role,structural|AB|conserve|_|passive,targets,0,0,unlabeled
hprd50,HPRD50.d20.s3,proteins,structural|AB|interact|with|verbal,sources,1,1,positive
hprd50,HPRD50.d21.s1,co-expression,structural|AB|affect|in|passive,sources,0,0,unlabeled
hprd50,HPRD50.d21.s1,contrast,structural|AB|affect|in|passive,targets,0,0,unlabeled
hprd50,HPRD50.d21.s1,potency,structural|AB|affect|in|passive,targets,0,0,unlabeled
hprd50,HPRD50.d22.s0,adapter,structural|AB|interact|with|verbal,targets,1,1,positive
hprd50,HPRD50.d22.s0,family,relational|RELATIONAL|is-a|_|verbal,entities_a,0,0,unlabeled
hprd50,HPRD50.d22.s1,variety,structural|AB|interact|of|verbal,targets,1,1,positive
hprd50,HPRD50.d22.s3,activity,structural|AB|regulate|_|verbal,targets,1,1,positive
hprd50,HPRD50.d22.s3,localization,structural|AB|regulate|_|verbal,targets,1,1,positive
hprd50,HPRD50.d22.s4,identification,structural|AB|lead|to|verbal,targets,0,0,unlabeled
hprd50,HPRD50.d22.s5,activity,structural|AB|display|_|verbal,targets,0,0,unlabeled
hprd50,HPRD50.d22.s6,activity,structural|AB|name|for|passive,targets,0,0,unlabeled
hprd50,HPRD50.d22.s6,proteins,structural|AB|interact|with|verbal,targets,1,1,positive
hprd50,HPRD50.d22.s7,expression,structural|AB|lead|to|verbal,sources,1,1,positive
hprd50,HPRD50.d22.s7,reduction,structural|AB|lead|to|verbal,targets,1,1,positive
hprd50,HPRD50.d23.s1,substrate,relational|RELATIONAL|substrate|_|nominalized,entities_b,1,1,positive
hprd50,HPRD50.d23.s2,downregulation,structural|AB|result|_|verbal,sources,0,0,unlabeled
hprd50,HPRD50.d23.s2,expression,structural|AB|rescue|_|passive,sources,0,0,unlabeled
hprd50,HPRD50.d23.s3,phosphorylation,structural|AB|influence|_|verbal,sources,0,0,unlabeled
hprd50,HPRD50.d24.s0,activation,structural|AB|lead|to|verbal,targets,1,1,positive
hprd50,HPRD50.d24.s0,interaction,structural|AB|lead|to|verbal,sources,1,1,positive
hprd50,HPRD50.d24.s1,sire,structural|AB|mediate|_|verbal,sources,1,0,negative
hprd50,HPRD50.d24.s1,transcription,structural|AB|mediate|_|verbal,targets,1,0,negative
hprd50,HPRD50.d25.s0,cancer,structural|AB|function|_|verbal,contexts,0,0,unlabeled
hprd50,HPRD50.d25.s0,cancer,relational|RELATIONAL|is-a|_|verbal,entities_a,0,0,unlabeled
hprd50,HPRD50.d25.s0,orphan,structural|AB|function|_|verbal,sources,0,0,unlabeled
hprd50,HPRD50.d25.s1,orphan,structural|AB|belong|_|verbal,sources,0,0,unlabeled
hprd50,HPRD50.d25.s1,orphan,structural|AB|express|_|passive,targets,0,0,unlabeled
hprd50,HPRD50.d25.s2,assay,structural|AB|assess|_|passive,sources,1,0,negative
hprd50,HPRD50.d25.s2,interaction,structural|AB|assess|_|passive,targets,1,0,negative
hprd50,HPRD50.d26.s0,factor,structural|AB|target|_|verbal,targets,0,0,unlabeled
hprd50,HPRD50.d26.s0,factor,relational|RELATIONAL|is-a|_|verbal,entities_a,0,0,unlabeled
hprd50,HPRD50.d26.s2,beta-domain,structural|AB|associate|of|verbal,targets,1,1,positive
hprd50,HPRD50.d26.s3,degradation,structural|AB|promote|_|verbal,targets,1,1,positive
hprd50,HPRD50.d26.s3,overexpression,structural|AB|promote|_|verbal,sources,1,1,positive
hprd50,HPRD50.d26.s4,blockade,structural|AB|cause|of|verbal,sources,1,1,positive
hprd50,HPRD50.d26.s4,degradation,structural|AB|cause|of|verbal,targets,1,1,positive
hprd50,HPRD50.d26.s5,mutation,structural|AB|disrupt|_|verbal,sources,0,0,unlabeled
hprd50,HPRD50.d26.s6,degradation,structural|AB|promote|_|verbal,targets,0,0,unlabeled
hprd50,HPRD50.d26.s6,mutant,structural|AB|contain|_|verbal,sources,0,0,unlabeled
hprd50,HPRD50.d26.s6,mutant,structural|AB|coimmunoprecipitate|with|verbal,sources,1,1,positive
hprd50,HPRD50.d26.s6,mutant,structural|AB|promote|_|verbal,sources,0,0,unlabeled
hprd50,HPRD50.d26.s7,ability,structural|AB|degrade|_|verbal,sources,1,1,positive
hprd50,HPRD50.d26.s7,ability,structural|AB|depend|_|verbal,sources,0,0,unlabeled
hprd50,HPRD50.d26.s7,ability,structural|AB|suggest|for|verbal,sources,1,0,negative
hprd50,HPRD50.d26.s7,mechanism,structural|AB|suggest|for|verbal,targets,1,0,negative
hprd50,HPRD50.d26.s7,part,structural|AB|depend|_|verbal,contexts,0,0,unlabeled
hprd50,HPRD50.d26.s7,tumor,structural|AB|suggest|for|verbal,contexts,0,0,unlabeled
hprd50,HPRD50.d27.s0,mema,structural|AB|interact|with|verbal,sources,1,1,positive
hprd50,HPRD50.d27.s1,c-terminus,structural|AB|interact|of|verbal,targets,0,0,unlabeled
hprd50,HPRD50.d28.s0,phosphorylation,structural|AB|regulate|_|verbal,targets,1,1,positive
hprd50,HPRD50.d28.s0,protein,structural|AA|interact|_|verbal,participants,0,0,unlabeled
hprd50,HPRD50.d28.s0,protein,structural|AB|form|_|verbal,sources,0,0,unlabeled
hprd50,HPRD50.d28.s0,protein,structural|AB|regulate|_|verbal,sources,1,1,positive
hprd50,HPRD50.d28.s1,checkpoint,structural|AB|require|_|verbal,targets,1,1,positive
hprd50,HPRD50.d28.s1,phosphorylation,structural|AB|require|_|verbal,sources,1,1,positive
hprd50,HPRD50.d28.s2,phosphorylation,structural|AB|suggest|_|verbal,sources,0,0,unlabeled
hprd50,HPRD50.d28.s2,phosphorylation,structural|AB|lead|to|verbal,targets,0,0,unlabeled
hprd50,HPRD50.d28.s3,phosphorylation,structural|AB|require|_|passive,targets,0,0,unlabeled
hprd50,HPRD50.d29.s0,modification,structural|AB|modulate|_|verbal,sources,0,0,unlabeled
hprd50,HPRD50.d29.s1,component,structural|AB|interact|of|verbal,targets,1,1,positive
hprd50,HPRD50.d29.s1,e3,structural|AB|involve|_|passive,targets,0,0,unlabeled
hprd50,HPRD50.d29.s1,enzyme,structural|AB|involve|_|passive,targets,0,0,unlabeled
hprd50,HPRD50.d29.s1,modifier,structural|AB|conjugate|_|verbal,targets,0,0,unlabeled
hprd50,HPRD50.d29.s1,modifier,relational|RELATIONAL|is-a|_|verbal,entities_a,0,0,unlabeled
hprd50,HPRD50.d29.s2,region,structural|AB|map|_|verbal,sources,0,0,unlabeled
hprd50,HPRD50.d29.s3,deacetylase,structural|AB|interact|with|verbal,targets,1,1,positive
hprd50,HPRD50.d29.s3,interaction,relational|RELATIONAL|is-a|_|verbal,entities_a,0,0,unlabeled
hprd50,HPRD50.d29.s3,sumoylation,structural|AB|disrupt|_|verbal,sources,0,0,unlabeled
hprd50,HPRD50.d30.s0,complex,structural|AB|associate|with|passive,targets,1,1,positive
hprd50,HPRD50.d30.s0,kinase,structural|AB|associate|with|passive,sources,1,1,positive
hprd50,HPRD50.d30.s0,kinase,structural|AB|activate|during|passive,sources,1,1,positive
hprd50,HPRD50.d30.s0,kinase,relational|RELATIONAL|is-a|_|verbal,entities_a,0,0,unlabeled
hprd50,HPRD50.d30.s0,stimulation,structural|AB|activate|during|passive,targets,1,1,positive
hprd50,HPRD50.d31.s0,interaction,structural|AB|tie|_|verbal,sources,0,0,unlabeled
hprd50,HPRD50.d31.s1,phosphatase,structural|AB|associate|with|verbal,sources,1,1,positive
hprd50,HPRD50.d32.s2,chain,structural|AB|occur|on|verbal,targets,0,0,unlabeled
hprd50,HPRD50.d32.s3,accumulation,relational|RELATIONAL|interact|_|nominalized,entities_a,0,0,unlabeled
hprd50,HPRD50.d32.s3,binding,structural|AB|examine|_|passive,contexts,0,0,unlabeled
hprd50,HPRD50.d32.s3,binding,structural|AB|determine|_|verbal,sources,0,0,unlabeled
hprd50,HPRD50.d32.s3,interaction,relational|RELATIONAL|interact|_|nominalized,entities_b,0,0,unlabeled
hprd50,HPRD50.d32.s5,proteoglycan,structural|AB|derive|with|passive,targets,0,0,unlabeled
hprd50,HPRD50.d32.s6,binding,structural|AB|bind|by|nominalized,sources,1,0,negative
hprd50,HPRD50.d32.s6,characterization,structural|AB|bind|_|verbal,sources,0,0,unlabeled
hprd50,HPRD50.d32.s6,lack,structural|AB|bind|by|nominalized,sources,0,0,unlabeled
hprd50,HPRD50.d32.s6,lack,structural|AB|bind|by|nominalized,targets,0,0,unlabeled
hprd50,HPRD50.d33.s0,ag,relational|RELATIONAL|is-a|_|verbal,entities_a,0,0,unlabeled
hprd50,HPRD50.d33.s0,cross-linking,structural|AB|promote|_|verbal,sources,0,0,unlabeled
hprd50,HPRD50.d33.s0,cross-linking,structural|AB|judge|_|verbal,sources,0,0,unlabeled
hprd50,HPRD50.d33.s0,cross-linking,structural|AB|increase|_|verbal,sources,0,0,unlabeled
hprd50,HPRD50.d33.s1,cross-linking,structural|AB|induce|_|passive,sources,0,0,unlabeled
hprd50,HPRD50.d33.s1,cytokine,structural|AB|potentiate|_|verbal,sources,0,0,unlabeled
hprd50,HPRD50.d34.s0,editing,relational|RELATIONAL|is-a|_|verbal,entities_a,0,0,unlabeled
hprd50,HPRD50.d34.s1,editing,structural|AB|exist|_|verbal,sources,0,0,unlabeled
hprd50,HPRD50.d34.s1,implication,structural|AB|have|_|verbal,targets,1,0,negative
hprd50,HPRD50.d35.s1,cdna,structural|AB|use|_|verbal,contexts,0,0,unlabeled
hprd50,HPRD50.d35.s1,cdna,structural|AB|determine|_|verbal,sources,0,0,unlabeled
hprd50,HPRD50.d36.s1,phosphorylation,structural|AB|regulate|of|verbal,targets,1,1,positive
hprd50,HPRD50.d36.s3,complex,structural|AB|isolate|_|passive,targets,0,0,unlabeled
hprd50,HPRD50.d36.s4,expression,structural|AB|result|in|verbal,sources,1,0,negative
hprd50,HPRD50.d36.s4,increase,structural|AB|result|in|verbal,targets,1,0,negative
hprd50,HPRD50.d36.s5,presence,structural|AB|associate|in|verbal,targets,0,0,unlabeled
hprd50,HPRD50.d37.s0,antibody,structural|AB|immunoprecipitate|with|passive,targets,1,1,positive
hprd50,HPRD50.d37.s0,dimer,structural|AB|form|of|verbal,sources,1,0,negative
hprd50,HPRD50.d37.s0,dimer,structural|AB|immunoprecipitate|with|passive,sources,1,1,positive
hprd50,HPRD50.d37.s0,self-association,structural|AB|form|of|verbal,targets,1,0,negative
hprd50,HPRD50.d38.s0,family,structural|AB|relate|to|passive,targets,1,0,negative
hprd50,HPRD50.d38.s0,variety,structural|AB|involve|of|verbal,targets,0,0,unlabeled
hprd50,HPRD50.d38.s0,variety,structural|AB|cross-link|to|passive,sources,1,1,positive
hprd50,HPRD50.d38.s1,glutamine,structural|AB|use|_|passive,contexts,0,0,unlabeled
hprd50,HPRD50.d38.s1,glutamine,structural|AB|cross-link|such|verbal,sources,1,0,negative
hprd50,HPRD50.d38.s1,proteins,structural|AB|cross-link|such|verbal,targets,1,0,negative
hprd50,HPRD50.d39.s0,isolate,structural|AB|designate|_|passive,targets,0,0,unlabeled
hprd50,HPRD50.d39.s0,isolate,structural|AB|interact|with|verbal,sources,1,1,positive
hprd50,HPRD50.d40.s0,expression,structural|AB|result|in|verbal,sources,1,1,positive
hprd50,HPRD50.d40.s0,repression,structural|AB|result|in|verbal,targets,1,1,positive
hprd50,HPRD50.d40.s1,abundance,relational|RELATIONAL|determinant|_|nominalized,entities_a,0,0,unlabeled
hprd50,HPRD50.d40.s1,determinant,relational|RELATIONAL|determinant|_|nominalized,entities_b,0,0,unlabeled
hprd50,HPRD50.d41.s0,addition,structural|AB|interact|in|verbal,targets,1,1,positive
hprd50,HPRD50.d41.s0,repressor,structural|AB|interact|in|verbal,sources,1,1,positive
hprd50,HPRD50.d41.s0,repressor,relational|RELATIONAL|is-a|_|verbal,entities_a,0,0,unlabeled
hprd50,HPRD50.d42.s0,ikappab,structural|AA|interact|_|verbal,participants,0,0,unlabeled
hprd50,HPRD50.d42.s0,ikappab,relational|RELATIONAL|is-a|_|verbal,entities_a,0,0,unlabeled
hprd50,HPRD50.d42.s1,contrast,structural|AB|interact|in|verbal,targets,0,0,unlabeled
hprd50,HPRD50.d42.s2,assay,structural|AB|interact|with|verbal,contexts,0,0,unlabeled
hprd50,HPRD50.d42.s2,factor,structural|AB|interact|with|verbal,targets,1,1,positive
hprd50,HPRD50.d42.s4,contrast,structural|AB|coactivate|in|verbal,targets,1,0,negative
hprd50,HPRD50.d42.s5,coexpression,structural|AB|stimulate|_|verbal,sources,0,0,unlabeled
hprd50,HPRD50.d5.s0,arf-gef,structural|AB|regulate|with|verbal,targets,1,1,positive
hprd50,HPRD50.d5.s1,gef,structural|AB|regulate|_|verbal,sources,0,0,unlabeled
hprd50,HPRD50.d5.s2,function,structural|AB|depend|on|verbal,sources,1,1,positive
hprd50,HPRD50.d5.s2,interaction,structural|AB|depend|on|verbal,targets,1,1,positive
hprd50,HPRD50.d5.s3,expression,structural|AB|induce|_|verbal,targets,1,1,positive
hprd50,HPRD50.d5.s4,exchange,structural|AB|catalyze|_|verbal,targets,0,0,unlabeled
hprd50,HPRD50.d5.s4,mutant,structural|AB|inhibit|_|passive,sources,0,0,unlabeled
hprd50,HPRD50.d5.s4,mutant,structural|AB|fail|_|verbal,sources,0,0,unlabeled
hprd50,HPRD50.d5.s5,activation,structural|AB|involve|in|passive,targets,1,1,positive
hprd50,HPRD50.d6.s0,phosphorylation,structural|AB|accompany|_|verbal,targets,0,0,unlabeled
hprd50,HPRD50.d6.s1,phosphorylation,structural|AB|modulate|through|verbal,targets,0,0,unlabeled
hprd50,HPRD50.d6.s2,phosphorylation,structural|AB|trigger|_|verbal,targets,0,0,unlabeled
hprd50,HPRD50.d6.s3,phosphorylation,structural|AB|block|_|verbal,targets,0,0,unlabeled
hprd50,HPRD50.d7.s1,site,structural|AB|contain|_|verbal,targets,0,0,unlabeled
hprd50,HPRD50.d7.s1,site,structural|AB|indicate|_|passive,contexts,0,0,unlabeled
hprd50,HPRD50.d7.s2,antibody,structural|AB|inhibit|_|passive,sources,1,0,negative
hprd50,HPRD50.d7.s2,factor,relational|RELATIONAL|is-a|_|verbal,entities_a,0,0,unlabeled
hprd50,HPRD50.d7.s2,site,structural|AB|use|_|verbal,targets,0,0,unlabeled
hprd50,HPRD50.d8.s0,binding,structural|AB|involve|in|passive,targets,0,0,unlabeled
hprd50,HPRD50.d9.s0,clone,relational|RELATIONAL|is-a|_|verbal,entities_a,0,0,unlabeled
hprd50,HPRD50.d9.s1,isoform,structural|AB|lack|unlike|verbal,targets,0,0,unlabeled
