corpus,sentence_id,pair_a,pair_b,gold_label,predicted_label,stage,endpoint_visibility,application_status,reason_code,proposal_count,pattern_keys,trigger_lemmas,realization_channels,assertion_statuses,projection_modes,proposal_refs,event_refs,projection_plan_refs
lll,LLL.d0.s0,0,2,positive,negative,event_not_found,neither_endpoint,not_generated,event_not_found,0,,,,,,,,
lll,LLL.d0.s0,1,2,positive,negative,event_not_found,neither_endpoint,not_generated,event_not_found,0,,,,,,,,
lll,LLL.d1.s0,0,1,positive,negative,argument_not_bound,separate_events,not_generated,argument_not_bound,0,,,,,,,stanza_craft+coref_098c83dc_0|stanza_craft+coref_098c83dc_1,LLL.d1.s0:stanza_craft+coref_098c83dc_0:projection-plan|LLL.d1.s0:stanza_craft+coref_098c83dc_1:projection-plan
lll,LLL.d1.s0,0,2,positive,negative,argument_not_bound,separate_events,not_generated,argument_not_bound,0,,,,,,,stanza_craft+coref_098c83dc_0|stanza_craft+coref_098c83dc_1,LLL.d1.s0:stanza_craft+coref_098c83dc_0:projection-plan|LLL.d1.s0:stanza_craft+coref_098c83dc_1:projection-plan
lll,LLL.d1.s0,1,2,negative,negative,pair_not_proposed,same_event_no_pair,not_generated,pair_not_proposed,0,,,,,,,stanza_craft+coref_098c83dc_0,LLL.d1.s0:stanza_craft+coref_098c83dc_0:projection-plan
lll,LLL.d10.s0,0,1,positive,negative,argument_not_bound,one_endpoint,not_generated,argument_not_bound,0,,,,,,,stanza_craft+coref_c721e426_0|stanza_craft+coref_c721e426_1|stanza_craft+coref_c721e426_2,LLL.d10.s0:stanza_craft+coref_c721e426_0:projection-plan|LLL.d10.s0:stanza_craft+coref_c721e426_1:projection-plan|LLL.d10.s0:stanza_craft+coref_c721e426_2:projection-plan
lll,LLL.d10.s0,0,2,positive,positive,emitted,pair_candidate_exists,applied,emitted,1,structural|AB|require|for|verbal,require,clause,asserted,directed,stanza_craft+coref_c721e426_2:rel:0,stanza_craft+coref_c721e426_0|stanza_craft+coref_c721e426_1|stanza_craft+coref_c721e426_2|stanza_craft+coref_c721e426_3|stanza_craft+coref_c721e426_5,LLL.d10.s0:stanza_craft+coref_c721e426_0:projection-plan|LLL.d10.s0:stanza_craft+coref_c721e426_1:projection-plan|LLL.d10.s0:stanza_craft+coref_c721e426_2:projection-plan|LLL.d10.s0:stanza_craft+coref_c721e426_3:projection-plan|LLL.d10.s0:stanza_craft+coref_c721e426_5:projection-plan
lll,LLL.d10.s1,0,1,positive,negative,argument_not_bound,one_endpoint,not_generated,argument_not_bound,0,,,,,,,stanza_craft+coref_fa8a7105_0,LLL.d10.s1:stanza_craft+coref_fa8a7105_0:projection-plan
lll,LLL.d11.s0,0,1,positive,negative,argument_not_bound,separate_events,not_generated,argument_not_bound,0,,,,,,,stanza_craft+coref_d524f4d6_0|stanza_craft+coref_d524f4d6_1|stanza_craft+coref_d524f4d6_2,LLL.d11.s0:stanza_craft+coref_d524f4d6_0:projection-plan|LLL.d11.s0:stanza_craft+coref_d524f4d6_1:projection-plan|LLL.d11.s0:stanza_craft+coref_d524f4d6_2:projection-plan
lll,LLL.d12.s0,0,1,positive,positive,emitted,pair_candidate_exists,applied,emitted,1,structural|AB|transcribe|_|passive,transcribe,clause,asserted,directed,stanza_craft+coref_9a5040ab_1:rel:0,stanza_craft+coref_9a5040ab_1,LLL.d12.s0:stanza_craft+coref_9a5040ab_1:projection-plan
lll,LLL.d12.s1,0,1,positive,negative,argument_not_bound,separate_events,not_generated,argument_not_bound,0,,,,,,,stanza_craft+coref_9b16c1a9_1|stanza_craft+coref_9b16c1a9_2,LLL.d12.s1:stanza_craft+coref_9b16c1a9_1:projection-plan|LLL.d12.s1:stanza_craft+coref_9b16c1a9_2:projection-plan
lll,LLL.d12.s1,0,2,positive,negative,argument_not_bound,separate_events,not_generated,argument_not_bound,0,,,,,,,stanza_craft+coref_9b16c1a9_1|stanza_craft+coref_9b16c1a9_2,LLL.d12.s1:stanza_craft+coref_9b16c1a9_1:projection-plan|LLL.d12.s1:stanza_craft+coref_9b16c1a9_2:projection-plan
lll,LLL.d12.s1,0,3,positive,negative,argument_not_bound,separate_events,not_generated,argument_not_bound,0,,,,,,,stanza_craft+coref_9b16c1a9_1|stanza_craft+coref_9b16c1a9_2,LLL.d12.s1:stanza_craft+coref_9b16c1a9_1:projection-plan|LLL.d12.s1:stanza_craft+coref_9b16c1a9_2:projection-plan
lll,LLL.d12.s1,0,4,positive,negative,argument_not_bound,separate_events,not_generated,argument_not_bound,0,,,,,,,stanza_craft+coref_9b16c1a9_1|stanza_craft+coref_9b16c1a9_2,LLL.d12.s1:stanza_craft+coref_9b16c1a9_1:projection-plan|LLL.d12.s1:stanza_craft+coref_9b16c1a9_2:projection-plan
lll,LLL.d12.s1,1,2,negative,negative,pair_not_proposed,same_event_no_pair,not_generated,pair_not_proposed,0,,,,,,,stanza_craft+coref_9b16c1a9_2,LLL.d12.s1:stanza_craft+coref_9b16c1a9_2:projection-plan
lll,LLL.d12.s1,1,3,negative,negative,pair_not_proposed,same_event_no_pair,not_generated,pair_not_proposed,0,,,,,,,stanza_craft+coref_9b16c1a9_2,LLL.d12.s1:stanza_craft+coref_9b16c1a9_2:projection-plan
lll,LLL.d12.s1,1,4,negative,negative,pair_not_proposed,same_event_no_pair,not_generated,pair_not_proposed,0,,,,,,,stanza_craft+coref_9b16c1a9_2,LLL.d12.s1:stanza_craft+coref_9b16c1a9_2:projection-plan
lll,LLL.d12.s1,2,3,negative,negative,pair_not_proposed,same_event_no_pair,not_generated,pair_not_proposed,0,,,,,,,stanza_craft+coref_9b16c1a9_2,LLL.d12.s1:stanza_craft+coref_9b16c1a9_2:projection-plan
lll,LLL.d12.s1,2,4,negative,negative,pair_not_proposed,same_event_no_pair,not_generated,pair_not_proposed,0,,,,,,,stanza_craft+coref_9b16c1a9_2,LLL.d12.s1:stanza_craft+coref_9b16c1a9_2:projection-plan
lll,LLL.d12.s1,3,4,negative,negative,pair_not_proposed,same_event_no_pair,not_generated,pair_not_proposed,0,,,,,,,stanza_craft+coref_9b16c1a9_2,LLL.d12.s1:stanza_craft+coref_9b16c1a9_2:projection-plan
lll,LLL.d13.s0,0,1,positive,positive,emitted,pair_candidate_exists,applied,emitted,1,structural|AB|affect|_|verbal,affect,clause,asserted,directed,stanza_craft+coref_933e87cc_0:rel:0,stanza_craft+coref_933e87cc_0|stanza_craft+coref_933e87cc_1,LLL.d13.s0:stanza_craft+coref_933e87cc_0:projection-plan|LLL.d13.s0:stanza_craft+coref_933e87cc_1:projection-plan
lll,LLL.d13.s0,1,2,positive,positive,emitted,pair_candidate_exists,applied,emitted,1,relational|RELATIONAL|activator|_|nominalized,activator,clause,asserted,relational,stanza_craft+coref_933e87cc_1:rel:0,stanza_craft+coref_933e87cc_0|stanza_craft+coref_933e87cc_1,LLL.d13.s0:stanza_craft+coref_933e87cc_0:projection-plan|LLL.d13.s0:stanza_craft+coref_933e87cc_1:projection-plan
lll,LLL.d13.s1,0,1,negative,positive,emitted_gold_disagreement,pair_candidate_exists,applied,emitted_gold_disagreement,1,structural|AB|promoter|_|nominalized,promoter,event_nominal,asserted,directed,stanza_craft+coref_289f8b14_4:rel:0,stanza_craft+coref_289f8b14_0|stanza_craft+coref_289f8b14_1|stanza_craft+coref_289f8b14_2|stanza_craft+coref_289f8b14_4,LLL.d13.s1:stanza_craft+coref_289f8b14_0:projection-plan|LLL.d13.s1:stanza_craft+coref_289f8b14_1:projection-plan|LLL.d13.s1:stanza_craft+coref_289f8b14_2:projection-plan|LLL.d13.s1:stanza_craft+coref_289f8b14_4:projection-plan
lll,LLL.d13.s1,0,2,positive,negative,argument_not_bound,one_endpoint,not_generated,argument_not_bound,0,,,,,,,stanza_craft+coref_289f8b14_0|stanza_craft+coref_289f8b14_1|stanza_craft+coref_289f8b14_2|stanza_craft+coref_289f8b14_4,LLL.d13.s1:stanza_craft+coref_289f8b14_0:projection-plan|LLL.d13.s1:stanza_craft+coref_289f8b14_1:projection-plan|LLL.d13.s1:stanza_craft+coref_289f8b14_2:projection-plan|LLL.d13.s1:stanza_craft+coref_289f8b14_4:projection-plan
lll,LLL.d13.s1,1,2,positive,negative,argument_not_bound,one_endpoint,not_generated,argument_not_bound,0,,,,,,,stanza_craft+coref_289f8b14_0|stanza_craft+coref_289f8b14_1|stanza_craft+coref_289f8b14_2|stanza_craft+coref_289f8b14_4,LLL.d13.s1:stanza_craft+coref_289f8b14_0:projection-plan|LLL.d13.s1:stanza_craft+coref_289f8b14_1:projection-plan|LLL.d13.s1:stanza_craft+coref_289f8b14_2:projection-plan|LLL.d13.s1:stanza_craft+coref_289f8b14_4:projection-plan
lll,LLL.d13.s1,3,4,positive,positive,emitted,pair_candidate_exists,applied,emitted,1,structural|AB|inhibit|_|verbal,inhibit,clause,asserted,directed,stanza_craft+coref_289f8b14_3:rel:0,stanza_craft+coref_289f8b14_3,LLL.d13.s1:stanza_craft+coref_289f8b14_3:projection-plan
lll,LLL.d13.s2,0,1,positive,positive,emitted,pair_candidate_exists,applied,emitted,1,structural|AB|regulate|_|passive,regulate,clause,asserted,directed,stanza_craft+coref_1d745ba3_1:rel:0,stanza_craft+coref_1d745ba3_0|stanza_craft+coref_1d745ba3_1|stanza_craft+coref_1d745ba3_2,LLL.d13.s2:stanza_craft+coref_1d745ba3_0:projection-plan|LLL.d13.s2:stanza_craft+coref_1d745ba3_1:projection-plan|LLL.d13.s2:stanza_craft+coref_1d745ba3_2:projection-plan
lll,LLL.d14.s0,0,1,positive,negative,argument_not_bound,separate_events,not_generated,argument_not_bound,0,,,,,,,stanza_craft+coref_bdccfd37_0|stanza_craft+coref_bdccfd37_1|stanza_craft+coref_bdccfd37_3,LLL.d14.s0:stanza_craft+coref_bdccfd37_0:projection-plan|LLL.d14.s0:stanza_craft+coref_bdccfd37_1:projection-plan|LLL.d14.s0:stanza_craft+coref_bdccfd37_3:projection-plan
lll,LLL.d14.s0,2,3,positive,negative,pair_not_proposed,same_event_no_pair,not_generated,pair_not_proposed,0,,,,,,,stanza_craft+coref_bdccfd37_2,LLL.d14.s0:stanza_craft+coref_bdccfd37_2:projection-plan
lll,LLL.d14.s1,0,1,positive,negative,pair_not_proposed,same_event_no_pair,not_generated,pair_not_proposed,0,,,,,,,stanza_craft+coref_86b19297_1|stanza_craft+coref_86b19297_2,LLL.d14.s1:stanza_craft+coref_86b19297_1:projection-plan|LLL.d14.s1:stanza_craft+coref_86b19297_2:projection-plan
lll,LLL.d14.s1,1,2,positive,negative,assertion_suppressed,pair_candidate_exists,blocked_assertion,assertion_suppressed,1,structural|AB|activate|_|verbal,activate,clause,negated,directed,stanza_craft+coref_86b19297_2:rel:0,stanza_craft+coref_86b19297_1|stanza_craft+coref_86b19297_2,LLL.d14.s1:stanza_craft+coref_86b19297_1:projection-plan|LLL.d14.s1:stanza_craft+coref_86b19297_2:projection-plan
lll,LLL.d14.s2,0,1,positive,positive,emitted,pair_candidate_exists,applied,emitted,1,structural|AB|require|_|verbal,require,clause,asserted,directed,stanza_craft+coref_3cc5bf37_0:rel:0,stanza_craft+coref_3cc5bf37_0|stanza_craft+coref_3cc5bf37_1,LLL.d14.s2:stanza_craft+coref_3cc5bf37_0:projection-plan|LLL.d14.s2:stanza_craft+coref_3cc5bf37_1:projection-plan
lll,LLL.d14.s3,0,1,positive,positive,emitted,pair_candidate_exists,applied,emitted,1,structural|AB|activate|_|verbal,activate,clause,asserted,directed,stanza_craft+coref_a2cd3575_0:rel:0,stanza_craft+coref_a2cd3575_0|stanza_craft+coref_a2cd3575_1,LLL.d14.s3:stanza_craft+coref_a2cd3575_0:projection-plan|LLL.d14.s3:stanza_craft+coref_a2cd3575_1:projection-plan
lll,LLL.d14.s3,0,2,positive,positive,emitted,pair_candidate_exists,applied,emitted,1,structural|AB|dephosphorylate|_|verbal,dephosphorylate,clause,asserted,directed,stanza_craft+coref_a2cd3575_1:rel:0,stanza_craft+coref_a2cd3575_0|stanza_craft+coref_a2cd3575_1,LLL.d14.s3:stanza_craft+coref_a2cd3575_0:projection-plan|LLL.d14.s3:stanza_craft+coref_a2cd3575_1:projection-plan
lll,LLL.d14.s3,1,2,positive,negative,argument_not_bound,separate_events,not_generated,argument_not_bound,0,,,,,,,stanza_craft+coref_a2cd3575_0|stanza_craft+coref_a2cd3575_1,LLL.d14.s3:stanza_craft+coref_a2cd3575_0:projection-plan|LLL.d14.s3:stanza_craft+coref_a2cd3575_1:projection-plan
lll,LLL.d15.s0,0,1,positive,positive,emitted,pair_candidate_exists,applied,emitted,1,structural|AB|dephosphorylate|of|nominalized,dephosphorylate,event_nominal,asserted,directed,stanza_craft+coref_1dae5368_0:rel:0,stanza_craft+coref_1dae5368_0,LLL.d15.s0:stanza_craft+coref_1dae5368_0:projection-plan
lll,LLL.d16.s0,0,1,positive,negative,relational_review_only,pair_candidate_exists,review_only,relational_review_only,1,relational|RELATIONAL|control|_|nominalized,control,clause,asserted,relational,stanza_craft+coref_294b608e_1:rel:0,stanza_craft+coref_294b608e_1,LLL.d16.s0:stanza_craft+coref_294b608e_1:projection-plan
lll,LLL.d16.s1,0,1,positive,positive,emitted,pair_candidate_exists,applied,emitted,1,structural|AB|belong|to|verbal,belong,clause,asserted,directed,stanza_craft+coref_f86e60c5_0:rel:0,stanza_craft+coref_f86e60c5_0|stanza_craft+coref_f86e60c5_1,LLL.d16.s1:stanza_craft+coref_f86e60c5_0:projection-plan|LLL.d16.s1:stanza_craft+coref_f86e60c5_1:projection-plan
lll,LLL.d16.s2,0,1,positive,negative,argument_not_bound,one_endpoint,not_generated,argument_not_bound,0,,,,,,,stanza_craft+coref_bacfcc7e_0|stanza_craft+coref_bacfcc7e_1,LLL.d16.s2:stanza_craft+coref_bacfcc7e_0:projection-plan|LLL.d16.s2:stanza_craft+coref_bacfcc7e_1:projection-plan
lll,LLL.d16.s2,0,2,positive,negative,argument_not_bound,one_endpoint,not_generated,argument_not_bound,0,,,,,,,stanza_craft+coref_bacfcc7e_0|stanza_craft+coref_bacfcc7e_1,LLL.d16.s2:stanza_craft+coref_bacfcc7e_0:projection-plan|LLL.d16.s2:stanza_craft+coref_bacfcc7e_1:projection-plan
lll,LLL.d16.s2,0,3,positive,negative,argument_not_bound,one_endpoint,not_generated,argument_not_bound,0,,,,,,,stanza_craft+coref_bacfcc7e_0|stanza_craft+coref_bacfcc7e_1,LLL.d16.s2:stanza_craft+coref_bacfcc7e_0:projection-plan|LLL.d16.s2:stanza_craft+coref_bacfcc7e_1:projection-plan
lll,LLL.d16.s2,1,2,negative,negative,pair_not_proposed,same_event_no_pair,not_generated,pair_not_proposed,0,,,,,,,stanza_craft+coref_bacfcc7e_0|stanza_craft+coref_bacfcc7e_1,LLL.d16.s2:stanza_craft+coref_bacfcc7e_0:projection-plan|LLL.d16.s2:stanza_craft+coref_bacfcc7e_1:projection-plan
lll,LLL.d16.s2,1,3,negative,negative,pair_not_proposed,same_event_no_pair,not_generated,pair_not_proposed,0,,,,,,,stanza_craft+coref_bacfcc7e_0|stanza_craft+coref_bacfcc7e_1,LLL.d16.s2:stanza_craft+coref_bacfcc7e_0:projection-plan|LLL.d16.s2:stanza_craft+coref_bacfcc7e_1:projection-plan
lll,LLL.d16.s2,2,3,negative,negative,pair_not_proposed,same_event_no_pair,not_generated,pair_not_proposed,0,,,,,,,stanza_craft+coref_bacfcc7e_0|stanza_craft+coref_bacfcc7e_1,LLL.d16.s2:stanza_craft+coref_bacfcc7e_0:projection-plan|LLL.d16.s2:stanza_craft+coref_bacfcc7e_1:projection-plan
lll,LLL.d17.s0,0,1,positive,positive,emitted,pair_candidate_exists,applied,emitted,1,structural|AB|activate|through|passive,activate,clause,asserted,directed,stanza_craft+coref_8c77145e_0:rel:0,stanza_craft+coref_8c77145e_0|stanza_craft+coref_8c77145e_1,LLL.d17.s0:stanza_craft+coref_8c77145e_0:projection-plan|LLL.d17.s0:stanza_craft+coref_8c77145e_1:projection-plan
lll,LLL.d18.s0,0,1,negative,negative,pair_not_proposed,same_event_no_pair,not_generated,pair_not_proposed,0,,,,,,,stanza_craft+coref_61e882a5_0,LLL.d18.s0:stanza_craft+coref_61e882a5_0:projection-plan
lll,LLL.d18.s0,0,2,positive,positive,emitted,pair_candidate_exists,applied,emitted,1,structural|AB|transcribe|_|passive,transcribe,clause,asserted,directed,stanza_craft+coref_61e882a5_0:rel:0,stanza_craft+coref_61e882a5_0,LLL.d18.s0:stanza_craft+coref_61e882a5_0:projection-plan
lll,LLL.d18.s0,1,2,positive,positive,emitted,pair_candidate_exists,applied,emitted,1,structural|AB|transcribe|_|passive,transcribe,clause,asserted,directed,stanza_craft+coref_61e882a5_0:rel:1,stanza_craft+coref_61e882a5_0,LLL.d18.s0:stanza_craft+coref_61e882a5_0:projection-plan
lll,LLL.d18.s1,0,1,positive,positive,emitted,pair_candidate_exists,applied,emitted,1,structural|AB|inhibit|_|verbal,inhibit,clause,asserted,directed,stanza_craft+coref_ebe356ec_0:rel:0,stanza_craft+coref_ebe356ec_0|stanza_craft+coref_ebe356ec_1,LLL.d18.s1:stanza_craft+coref_ebe356ec_0:projection-plan|LLL.d18.s1:stanza_craft+coref_ebe356ec_1:projection-plan
lll,LLL.d18.s2,0,1,positive,negative,proposal_not_applied,pair_candidate_exists,not_applied,multiple_application_reasons,1,structural|NESTED|dependent|_|nested,dependent,clause,asserted,nested_review,stanza_craft+coref_75886681_4:rel:0,stanza_craft+coref_75886681_0|stanza_craft+coref_75886681_3|stanza_craft+coref_75886681_4,LLL.d18.s2:stanza_craft+coref_75886681_0:projection-plan|LLL.d18.s2:stanza_craft+coref_75886681_3:projection-plan|LLL.d18.s2:stanza_craft+coref_75886681_4:projection-plan
lll,LLL.d18.s2,2,3,positive,positive,emitted,pair_candidate_exists,applied,emitted,1,structural|AB|limit|_|verbal,limit,clause,asserted,directed,stanza_craft+coref_75886681_2:rel:0,stanza_craft+coref_75886681_1|stanza_craft+coref_75886681_2,LLL.d18.s2:stanza_craft+coref_75886681_1:projection-plan|LLL.d18.s2:stanza_craft+coref_75886681_2:projection-plan
lll,LLL.d18.s3,0,1,positive,positive,emitted,pair_candidate_exists,applied,emitted,1,structural|AB|activate|_|verbal,activate,clause,asserted,directed,stanza_craft+coref_986be812_0:rel:0,stanza_craft+coref_986be812_0,LLL.d18.s3:stanza_craft+coref_986be812_0:projection-plan
lll,LLL.d18.s3,0,2,positive,negative,argument_not_bound,one_endpoint,not_generated,argument_not_bound,0,,,,,,,stanza_craft+coref_986be812_0,LLL.d18.s3:stanza_craft+coref_986be812_0:projection-plan
lll,LLL.d18.s3,1,2,positive,negative,argument_not_bound,one_endpoint,not_generated,argument_not_bound,0,,,,,,,stanza_craft+coref_986be812_0,LLL.d18.s3:stanza_craft+coref_986be812_0:projection-plan
lll,LLL.d18.s3,3,4,positive,positive,emitted,pair_candidate_exists,applied,emitted,1,structural|AB|repress|_|verbal,repress,clause,asserted,directed,stanza_craft+coref_986be812_1:rel:0,stanza_craft+coref_986be812_1,LLL.d18.s3:stanza_craft+coref_986be812_1:projection-plan
lll,LLL.d18.s4,0,1,positive,negative,pair_not_proposed,same_event_no_pair,not_generated,pair_not_proposed,0,,,,,,,stanza_craft+coref_ba828cd7_0|stanza_craft+coref_ba828cd7_1,LLL.d18.s4:stanza_craft+coref_ba828cd7_0:projection-plan|LLL.d18.s4:stanza_craft+coref_ba828cd7_1:projection-plan
lll,LLL.d18.s5,0,1,positive,negative,argument_not_bound,separate_events,not_generated,argument_not_bound,0,,,,,,,stanza_craft+coref_b818d322_0|stanza_craft+coref_b818d322_1,LLL.d18.s5:stanza_craft+coref_b818d322_0:projection-plan|LLL.d18.s5:stanza_craft+coref_b818d322_1:projection-plan
lll,LLL.d18.s6,0,1,positive,positive,emitted,pair_candidate_exists,applied,emitted,1,structural|AB|activate|_|verbal,activate,clause,asserted,directed,stanza_craft+coref_a27ec1a8_1:rel:0,stanza_craft+coref_a27ec1a8_1|stanza_craft+coref_a27ec1a8_2,LLL.d18.s6:stanza_craft+coref_a27ec1a8_1:projection-plan|LLL.d18.s6:stanza_craft+coref_a27ec1a8_2:projection-plan
lll,LLL.d19.s0,0,1,positive,positive,emitted,pair_candidate_exists,applied,emitted,1,structural|AB|require|_|verbal,require,clause,asserted,directed,stanza_craft+coref_f7c49485_0:rel:0,stanza_craft+coref_f7c49485_0|stanza_craft+coref_f7c49485_1,LLL.d19.s0:stanza_craft+coref_f7c49485_0:projection-plan|LLL.d19.s0:stanza_craft+coref_f7c49485_1:projection-plan
lll,LLL.d19.s1,0,1,positive,negative,pair_not_proposed,same_event_no_pair,not_generated,pair_not_proposed,0,,,,,,,stanza_craft+coref_f746c06e_0|stanza_craft+coref_f746c06e_1|stanza_craft+coref_f746c06e_2,LLL.d19.s1:stanza_craft+coref_f746c06e_0:projection-plan|LLL.d19.s1:stanza_craft+coref_f746c06e_1:projection-plan|LLL.d19.s1:stanza_craft+coref_f746c06e_2:projection-plan
lll,LLL.d2.s0,0,1,positive,negative,event_not_found,neither_endpoint,not_generated,event_not_found,0,,,,,,,,
lll,LLL.d2.s1,0,1,positive,positive,emitted,pair_candidate_exists,applied,emitted,1,structural|AB|transcribe|_|passive,transcribe,clause,asserted,directed,stanza_craft+coref_c58f61e1_0:rel:0,stanza_craft+coref_c58f61e1_0,LLL.d2.s1:stanza_craft+coref_c58f61e1_0:projection-plan
lll,LLL.d2.s2,0,2,positive,negative,event_not_found,neither_endpoint,not_generated,event_not_found,0,,,,,,,,
lll,LLL.d2.s2,1,2,positive,negative,event_not_found,neither_endpoint,not_generated,event_not_found,0,,,,,,,,
lll,LLL.d20.s0,0,1,positive,positive,emitted,pair_candidate_exists,applied,emitted,1,structural|AB|control|_|verbal,control,clause,asserted,directed,stanza_craft+coref_af2eb58c_0:rel:0,stanza_craft+coref_af2eb58c_0|stanza_craft+coref_af2eb58c_1|stanza_craft+coref_af2eb58c_2,LLL.d20.s0:stanza_craft+coref_af2eb58c_0:projection-plan|LLL.d20.s0:stanza_craft+coref_af2eb58c_1:projection-plan|LLL.d20.s0:stanza_craft+coref_af2eb58c_2:projection-plan
lll,LLL.d20.s0,0,2,positive,positive,emitted,pair_candidate_exists,applied,emitted,1,structural|AB|stimulate|_|verbal,stimulate,clause,asserted,directed,stanza_craft+coref_af2eb58c_1:rel:0,stanza_craft+coref_af2eb58c_0|stanza_craft+coref_af2eb58c_1|stanza_craft+coref_af2eb58c_2,LLL.d20.s0:stanza_craft+coref_af2eb58c_0:projection-plan|LLL.d20.s0:stanza_craft+coref_af2eb58c_1:projection-plan|LLL.d20.s0:stanza_craft+coref_af2eb58c_2:projection-plan
lll,LLL.d20.s0,0,3,positive,positive,emitted,pair_candidate_exists,applied,emitted,1,structural|AB|stimulate|_|verbal,stimulate,clause,asserted,directed,stanza_craft+coref_af2eb58c_1:rel:1,stanza_craft+coref_af2eb58c_0|stanza_craft+coref_af2eb58c_1|stanza_craft+coref_af2eb58c_2,LLL.d20.s0:stanza_craft+coref_af2eb58c_0:projection-plan|LLL.d20.s0:stanza_craft+coref_af2eb58c_1:projection-plan|LLL.d20.s0:stanza_craft+coref_af2eb58c_2:projection-plan
lll,LLL.d20.s0,0,4,positive,positive,emitted,pair_candidate_exists,applied,emitted,1,structural|AB|increase|_|verbal,increase,clause,asserted,directed,stanza_craft+coref_af2eb58c_2:rel:0,stanza_craft+coref_af2eb58c_0|stanza_craft+coref_af2eb58c_1|stanza_craft+coref_af2eb58c_2|stanza_craft+coref_af2eb58c_3,LLL.d20.s0:stanza_craft+coref_af2eb58c_0:projection-plan|LLL.d20.s0:stanza_craft+coref_af2eb58c_1:projection-plan|LLL.d20.s0:stanza_craft+coref_af2eb58c_2:projection-plan|LLL.d20.s0:stanza_craft+coref_af2eb58c_3:projection-plan
lll,LLL.d20.s0,2,3,negative,negative,pair_not_proposed,same_event_no_pair,not_generated,pair_not_proposed,0,,,,,,,stanza_craft+coref_af2eb58c_1,LLL.d20.s0:stanza_craft+coref_af2eb58c_1:projection-plan
lll,LLL.d20.s0,4,5,positive,positive,emitted,pair_candidate_exists,applied,emitted,1,structural|AB|inhibit|_|verbal,inhibit,clause,asserted,directed,stanza_craft+coref_af2eb58c_3:rel:0,stanza_craft+coref_af2eb58c_2|stanza_craft+coref_af2eb58c_3,LLL.d20.s0:stanza_craft+coref_af2eb58c_2:projection-plan|LLL.d20.s0:stanza_craft+coref_af2eb58c_3:projection-plan
lll,LLL.d21.s0,0,1,positive,negative,argument_not_bound,one_endpoint,not_generated,argument_not_bound,0,,,,,,,stanza_craft+coref_13cfbc97_0|stanza_craft+coref_13cfbc97_1,LLL.d21.s0:stanza_craft+coref_13cfbc97_0:projection-plan|LLL.d21.s0:stanza_craft+coref_13cfbc97_1:projection-plan
lll,LLL.d22.s0,0,1,positive,positive,emitted,pair_candidate_exists,applied,emitted,1,structural|AB|contribute|to|verbal,contribute,clause,asserted,directed,stanza_craft+coref_427037ef_0:rel:0,stanza_craft+coref_427037ef_0|stanza_craft+coref_427037ef_1,LLL.d22.s0:stanza_craft+coref_427037ef_0:projection-plan|LLL.d22.s0:stanza_craft+coref_427037ef_1:projection-plan
lll,LLL.d22.s0,1,2,positive,positive,emitted,pair_candidate_exists,applied,emitted,1,structural|AB|control|_|passive,control,clause,asserted,directed,stanza_craft+coref_427037ef_1:rel:0,stanza_craft+coref_427037ef_0|stanza_craft+coref_427037ef_1,LLL.d22.s0:stanza_craft+coref_427037ef_0:projection-plan|LLL.d22.s0:stanza_craft+coref_427037ef_1:projection-plan
lll,LLL.d23.s0,0,1,positive,negative,argument_not_bound,one_endpoint,not_generated,argument_not_bound,0,,,,,,,stanza_craft+coref_6f461b1c_0,LLL.d23.s0:stanza_craft+coref_6f461b1c_0:projection-plan
lll,LLL.d24.s0,0,1,negative,negative,pair_not_proposed,same_event_no_pair,not_generated,pair_not_proposed,0,,,,,,,stanza_craft+coref_8730f6a2_0|stanza_craft+coref_8730f6a2_1,LLL.d24.s0:stanza_craft+coref_8730f6a2_0:projection-plan|LLL.d24.s0:stanza_craft+coref_8730f6a2_1:projection-plan
lll,LLL.d24.s0,0,2,positive,negative,pair_not_proposed,same_event_no_pair,not_generated,pair_not_proposed,0,,,,,,,stanza_craft+coref_8730f6a2_0|stanza_craft+coref_8730f6a2_1,LLL.d24.s0:stanza_craft+coref_8730f6a2_0:projection-plan|LLL.d24.s0:stanza_craft+coref_8730f6a2_1:projection-plan
lll,LLL.d24.s0,0,3,positive,negative,argument_not_bound,one_endpoint,not_generated,argument_not_bound,0,,,,,,,stanza_craft+coref_8730f6a2_0|stanza_craft+coref_8730f6a2_1,LLL.d24.s0:stanza_craft+coref_8730f6a2_0:projection-plan|LLL.d24.s0:stanza_craft+coref_8730f6a2_1:projection-plan
lll,LLL.d24.s0,1,2,positive,negative,pair_not_proposed,same_event_no_pair,not_generated,pair_not_proposed,0,,,,,,,stanza_craft+coref_8730f6a2_0|stanza_craft+coref_8730f6a2_1,LLL.d24.s0:stanza_craft+coref_8730f6a2_0:projection-plan|LLL.d24.s0:stanza_craft+coref_8730f6a2_1:projection-plan
lll,LLL.d24.s0,1,3,positive,negative,argument_not_bound,one_endpoint,not_generated,argument_not_bound,0,,,,,,,stanza_craft+coref_8730f6a2_0|stanza_craft+coref_8730f6a2_1,LLL.d24.s0:stanza_craft+coref_8730f6a2_0:projection-plan|LLL.d24.s0:stanza_craft+coref_8730f6a2_1:projection-plan
lll,LLL.d25.s0,0,1,positive,positive,emitted,pair_candidate_exists,applied,emitted,1,structural|AB|depend|upon|verbal,depend,clause,asserted,directed,stanza_craft+coref_718b0f84_1:rel:0,stanza_craft+coref_718b0f84_0|stanza_craft+coref_718b0f84_1|stanza_craft+coref_718b0f84_2,LLL.d25.s0:stanza_craft+coref_718b0f84_0:projection-plan|LLL.d25.s0:stanza_craft+coref_718b0f84_1:projection-plan|LLL.d25.s0:stanza_craft+coref_718b0f84_2:projection-plan
lll,LLL.d26.s0,0,1,positive,positive,emitted,pair_candidate_exists,applied,emitted,1,structural|AB|regulate|_|verbal,regulate,clause,asserted,directed,stanza_craft+coref_11f25b6a_1:rel:0,stanza_craft+coref_11f25b6a_1|stanza_craft+coref_11f25b6a_2,LLL.d26.s0:stanza_craft+coref_11f25b6a_1:projection-plan|LLL.d26.s0:stanza_craft+coref_11f25b6a_2:projection-plan
lll,LLL.d26.s0,0,2,positive,positive,emitted,pair_candidate_exists,applied,emitted,1,structural|AB|prevent|_|verbal,prevent,clause,asserted,directed,stanza_craft+coref_11f25b6a_2:rel:0,stanza_craft+coref_11f25b6a_1|stanza_craft+coref_11f25b6a_2|stanza_craft+coref_11f25b6a_3,LLL.d26.s0:stanza_craft+coref_11f25b6a_1:projection-plan|LLL.d26.s0:stanza_craft+coref_11f25b6a_2:projection-plan|LLL.d26.s0:stanza_craft+coref_11f25b6a_3:projection-plan
lll,LLL.d26.s0,0,3,positive,positive,emitted,pair_candidate_exists,applied,emitted,1,structural|AB|prevent|_|verbal,prevent,clause,asserted,directed,stanza_craft+coref_11f25b6a_2:rel:1,stanza_craft+coref_11f25b6a_1|stanza_craft+coref_11f25b6a_2|stanza_craft+coref_11f25b6a_3,LLL.d26.s0:stanza_craft+coref_11f25b6a_1:projection-plan|LLL.d26.s0:stanza_craft+coref_11f25b6a_2:projection-plan|LLL.d26.s0:stanza_craft+coref_11f25b6a_3:projection-plan
lll,LLL.d26.s0,2,3,positive,positive,emitted,pair_candidate_exists,applied,emitted,1,structural|AB|transcribe|_|nominalized,transcribe,event_nominal,asserted,directed,stanza_craft+coref_11f25b6a_3:rel:0,stanza_craft+coref_11f25b6a_2|stanza_craft+coref_11f25b6a_3,LLL.d26.s0:stanza_craft+coref_11f25b6a_2:projection-plan|LLL.d26.s0:stanza_craft+coref_11f25b6a_3:projection-plan
lll,LLL.d26.s1,0,1,positive,positive,emitted,pair_candidate_exists,applied,emitted,1,structural|AB|drive|_|passive,drive,clause,asserted,directed,stanza_craft+coref_86d1d6c4_0:rel:0,stanza_craft+coref_86d1d6c4_0|stanza_craft+coref_86d1d6c4_1,LLL.d26.s1:stanza_craft+coref_86d1d6c4_0:projection-plan|LLL.d26.s1:stanza_craft+coref_86d1d6c4_1:projection-plan
lll,LLL.d27.s0,0,1,positive,negative,pair_not_proposed,same_event_no_pair,not_generated,pair_not_proposed,0,,,,,,,stanza_craft+coref_26740c68_0|stanza_craft+coref_26740c68_1|stanza_craft+coref_26740c68_2,LLL.d27.s0:stanza_craft+coref_26740c68_0:projection-plan|LLL.d27.s0:stanza_craft+coref_26740c68_1:projection-plan|LLL.d27.s0:stanza_craft+coref_26740c68_2:projection-plan
lll,LLL.d27.s0,0,2,positive,positive,emitted,pair_candidate_exists,applied,emitted,1,structural|AB|bind|to|verbal,bind,clause,asserted,directed,stanza_craft+coref_26740c68_1:rel:0,stanza_craft+coref_26740c68_0|stanza_craft+coref_26740c68_1|stanza_craft+coref_26740c68_2,LLL.d27.s0:stanza_craft+coref_26740c68_0:projection-plan|LLL.d27.s0:stanza_craft+coref_26740c68_1:projection-plan|LLL.d27.s0:stanza_craft+coref_26740c68_2:projection-plan
lll,LLL.d27.s0,0,3,positive,negative,assertion_suppressed,pair_candidate_exists,blocked_assertion,assertion_suppressed,1,structural|AB|bind|to|verbal,bind,clause,negated,directed,stanza_craft+coref_26740c68_2:rel:0,stanza_craft+coref_26740c68_0|stanza_craft+coref_26740c68_1|stanza_craft+coref_26740c68_2,LLL.d27.s0:stanza_craft+coref_26740c68_0:projection-plan|LLL.d27.s0:stanza_craft+coref_26740c68_1:projection-plan|LLL.d27.s0:stanza_craft+coref_26740c68_2:projection-plan
lll,LLL.d27.s1,0,1,negative,negative,pair_not_proposed,same_event_no_pair,not_generated,pair_not_proposed,0,,,,,,,stanza_craft+coref_013f7cfd_0|stanza_craft+coref_013f7cfd_2,LLL.d27.s1:stanza_craft+coref_013f7cfd_0:projection-plan|LLL.d27.s1:stanza_craft+coref_013f7cfd_2:projection-plan
lll,LLL.d27.s1,0,2,negative,negative,pair_not_proposed,same_event_no_pair,not_generated,pair_not_proposed,0,,,,,,,stanza_craft+coref_013f7cfd_0|stanza_craft+coref_013f7cfd_2,LLL.d27.s1:stanza_craft+coref_013f7cfd_0:projection-plan|LLL.d27.s1:stanza_craft+coref_013f7cfd_2:projection-plan
lll,LLL.d27.s1,0,3,positive,positive,emitted,pair_candidate_exists,applied,emitted,1,structural|AB|transcribe|of|nominalized,transcribe,event_nominal,asserted,directed,stanza_craft+coref_013f7cfd_2:rel:0,stanza_craft+coref_013f7cfd_0|stanza_craft+coref_013f7cfd_2,LLL.d27.s1:stanza_craft+coref_013f7cfd_0:projection-plan|LLL.d27.s1:stanza_craft+coref_013f7cfd_2:projection-plan
lll,LLL.d27.s1,0,4,positive,positive,emitted,pair_candidate_exists,applied,emitted,1,structural|AB|activate|_|passive,activate,clause,asserted,directed,stanza_craft+coref_013f7cfd_0:rel:0,stanza_craft+coref_013f7cfd_0|stanza_craft+coref_013f7cfd_1|stanza_craft+coref_013f7cfd_2,LLL.d27.s1:stanza_craft+coref_013f7cfd_0:projection-plan|LLL.d27.s1:stanza_craft+coref_013f7cfd_1:projection-plan|LLL.d27.s1:stanza_craft+coref_013f7cfd_2:projection-plan
lll,LLL.d27.s1,1,2,negative,negative,pair_not_proposed,same_event_no_pair,not_generated,pair_not_proposed,0,,,,,,,stanza_craft+coref_013f7cfd_0|stanza_craft+coref_013f7cfd_2,LLL.d27.s1:stanza_craft+coref_013f7cfd_0:projection-plan|LLL.d27.s1:stanza_craft+coref_013f7cfd_2:projection-plan
lll,LLL.d27.s1,1,3,positive,positive,emitted,pair_candidate_exists,applied,emitted,1,structural|AB|transcribe|of|nominalized,transcribe,event_nominal,asserted,directed,stanza_craft+coref_013f7cfd_2:rel:1,stanza_craft+coref_013f7cfd_0|stanza_craft+coref_013f7cfd_2,LLL.d27.s1:stanza_craft+coref_013f7cfd_0:projection-plan|LLL.d27.s1:stanza_craft+coref_013f7cfd_2:projection-plan
lll,LLL.d27.s1,1,4,positive,positive,emitted,pair_candidate_exists,applied,emitted,1,structural|AB|activate|_|passive,activate,clause,asserted,directed,stanza_craft+coref_013f7cfd_0:rel:1,stanza_craft+coref_013f7cfd_0|stanza_craft+coref_013f7cfd_1|stanza_craft+coref_013f7cfd_2,LLL.d27.s1:stanza_craft+coref_013f7cfd_0:projection-plan|LLL.d27.s1:stanza_craft+coref_013f7cfd_1:projection-plan|LLL.d27.s1:stanza_craft+coref_013f7cfd_2:projection-plan
lll,LLL.d27.s1,2,3,positive,positive,emitted,pair_candidate_exists,applied,emitted,1,structural|AB|transcribe|of|nominalized,transcribe,event_nominal,asserted,directed,stanza_craft+coref_013f7cfd_2:rel:2,stanza_craft+coref_013f7cfd_0|stanza_craft+coref_013f7cfd_2,LLL.d27.s1:stanza_craft+coref_013f7cfd_0:projection-plan|LLL.d27.s1:stanza_craft+coref_013f7cfd_2:projection-plan
lll,LLL.d27.s1,2,4,positive,positive,emitted,pair_candidate_exists,applied,emitted,1,structural|AB|activate|_|passive,activate,clause,asserted,directed,stanza_craft+coref_013f7cfd_0:rel:2,stanza_craft+coref_013f7cfd_0|stanza_craft+coref_013f7cfd_1|stanza_craft+coref_013f7cfd_2,LLL.d27.s1:stanza_craft+coref_013f7cfd_0:projection-plan|LLL.d27.s1:stanza_craft+coref_013f7cfd_1:projection-plan|LLL.d27.s1:stanza_craft+coref_013f7cfd_2:projection-plan
lll,LLL.d27.s1,3,4,negative,positive,emitted_gold_disagreement,pair_candidate_exists,applied,emitted_gold_disagreement,1,structural|AB|activate|_|passive,activate,clause,asserted,directed,stanza_craft+coref_013f7cfd_0:rel:3,stanza_craft+coref_013f7cfd_0|stanza_craft+coref_013f7cfd_1|stanza_craft+coref_013f7cfd_2,LLL.d27.s1:stanza_craft+coref_013f7cfd_0:projection-plan|LLL.d27.s1:stanza_craft+coref_013f7cfd_1:projection-plan|LLL.d27.s1:stanza_craft+coref_013f7cfd_2:projection-plan
lll,LLL.d27.s2,0,1,positive,positive,emitted,pair_candidate_exists,applied,emitted,1,structural|AB|result|from|verbal,result,clause,asserted,directed,stanza_craft+coref_89a1d546_1:rel:0,stanza_craft+coref_89a1d546_1,LLL.d27.s2:stanza_craft+coref_89a1d546_1:projection-plan
lll,LLL.d27.s2,0,2,positive,positive,emitted,pair_candidate_exists,applied,emitted,1,structural|AB|result|from|verbal,result,clause,asserted,directed,stanza_craft+coref_89a1d546_1:rel:1,stanza_craft+coref_89a1d546_1|stanza_craft+coref_89a1d546_2,LLL.d27.s2:stanza_craft+coref_89a1d546_1:projection-plan|LLL.d27.s2:stanza_craft+coref_89a1d546_2:projection-plan
lll,LLL.d27.s2,1,2,negative,negative,pair_not_proposed,same_event_no_pair,not_generated,pair_not_proposed,0,,,,,,,stanza_craft+coref_89a1d546_1|stanza_craft+coref_89a1d546_2,LLL.d27.s2:stanza_craft+coref_89a1d546_1:projection-plan|LLL.d27.s2:stanza_craft+coref_89a1d546_2:projection-plan
lll,LLL.d27.s3,0,1,positive,positive,emitted,pair_candidate_exists,applied,emitted,1,structural|AB|activate|_|verbal,activate,clause,asserted,directed,stanza_craft+coref_b7dc2504_0:rel:0,stanza_craft+coref_b7dc2504_0,LLL.d27.s3:stanza_craft+coref_b7dc2504_0:projection-plan
lll,LLL.d27.s3,0,2,positive,negative,argument_not_bound,one_endpoint,not_generated,argument_not_bound,0,,,,,,,stanza_craft+coref_b7dc2504_0,LLL.d27.s3:stanza_craft+coref_b7dc2504_0:projection-plan
lll,LLL.d27.s3,0,3,positive,negative,argument_not_bound,separate_events,not_generated,argument_not_bound,0,,,,,,,stanza_craft+coref_b7dc2504_0|stanza_craft+coref_b7dc2504_2|stanza_craft+coref_b7dc2504_3,LLL.d27.s3:stanza_craft+coref_b7dc2504_0:projection-plan|LLL.d27.s3:stanza_craft+coref_b7dc2504_2:projection-plan|LLL.d27.s3:stanza_craft+coref_b7dc2504_3:projection-plan
lll,LLL.d27.s3,0,4,positive,negative,argument_not_bound,separate_events,not_generated,argument_not_bound,0,,,,,,,stanza_craft+coref_b7dc2504_0|stanza_craft+coref_b7dc2504_2|stanza_craft+coref_b7dc2504_3,LLL.d27.s3:stanza_craft+coref_b7dc2504_0:projection-plan|LLL.d27.s3:stanza_craft+coref_b7dc2504_2:projection-plan|LLL.d27.s3:stanza_craft+coref_b7dc2504_3:projection-plan
lll,LLL.d27.s3,1,2,positive,negative,argument_not_bound,one_endpoint,not_generated,argument_not_bound,0,,,,,,,stanza_craft+coref_b7dc2504_0,LLL.d27.s3:stanza_craft+coref_b7dc2504_0:projection-plan
lll,LLL.d27.s3,3,4,negative,negative,pair_not_proposed,same_event_no_pair,not_generated,pair_not_proposed,0,,,,,,,stanza_craft+coref_b7dc2504_2|stanza_craft+coref_b7dc2504_3,LLL.d27.s3:stanza_craft+coref_b7dc2504_2:projection-plan|LLL.d27.s3:stanza_craft+coref_b7dc2504_3:projection-plan
lll,LLL.d27.s4,0,1,positive,positive,emitted,pair_candidate_exists,applied,emitted,1,structural|AB|repress|_|verbal,repress,clause,asserted,directed,stanza_craft+coref_233961e7_0:rel:0,stanza_craft+coref_233961e7_0,LLL.d27.s4:stanza_craft+coref_233961e7_0:projection-plan
lll,LLL.d27.s4,0,2,positive,negative,argument_not_bound,separate_events,not_generated,argument_not_bound,0,,,,,,,stanza_craft+coref_233961e7_0|stanza_craft+coref_233961e7_1,LLL.d27.s4:stanza_craft+coref_233961e7_0:projection-plan|LLL.d27.s4:stanza_craft+coref_233961e7_1:projection-plan
lll,LLL.d27.s4,0,3,positive,negative,argument_not_bound,separate_events,not_generated,argument_not_bound,0,,,,,,,stanza_craft+coref_233961e7_0|stanza_craft+coref_233961e7_2,LLL.d27.s4:stanza_craft+coref_233961e7_0:projection-plan|LLL.d27.s4:stanza_craft+coref_233961e7_2:projection-plan
lll,LLL.d28.s0,0,1,positive,positive,emitted,pair_candidate_exists,applied,emitted,1,structural|AB|precede|_|verbal,precede,clause,asserted,directed,stanza_craft+coref_c3c42a22_0:rel:0,stanza_craft+coref_c3c42a22_0,LLL.d28.s0:stanza_craft+coref_c3c42a22_0:projection-plan
lll,LLL.d29.s0,0,1,positive,positive,emitted,pair_candidate_exists,applied,emitted,1,structural|AB|precede|_|verbal,precede,clause,asserted,directed,stanza_craft+coref_c88ba8bd_0:rel:0,stanza_craft+coref_c88ba8bd_0,LLL.d29.s0:stanza_craft+coref_c88ba8bd_0:projection-plan
lll,LLL.d3.s0,0,1,positive,positive,emitted,pair_candidate_exists,applied,emitted,1,structural|AB|control|_|passive,control,clause,asserted,directed,stanza_craft+coref_84f3eca6_0:rel:0,stanza_craft+coref_84f3eca6_0|stanza_craft+coref_84f3eca6_1,LLL.d3.s0:stanza_craft+coref_84f3eca6_0:projection-plan|LLL.d3.s0:stanza_craft+coref_84f3eca6_1:projection-plan
lll,LLL.d3.s0,0,2,positive,negative,pair_not_proposed,same_event_no_pair,not_generated,pair_not_proposed,0,,,,,,,stanza_craft+coref_84f3eca6_0,LLL.d3.s0:stanza_craft+coref_84f3eca6_0:projection-plan
lll,LLL.d3.s0,1,2,negative,positive,emitted_gold_disagreement,pair_candidate_exists,applied,emitted_gold_disagreement,1,structural|AB|control|to|passive,control,clause,asserted,directed,stanza_craft+coref_84f3eca6_0:rel:1,stanza_craft+coref_84f3eca6_0|stanza_craft+coref_84f3eca6_1,LLL.d3.s0:stanza_craft+coref_84f3eca6_0:projection-plan|LLL.d3.s0:stanza_craft+coref_84f3eca6_1:projection-plan
lll,LLL.d30.s0,0,1,negative,negative,pair_not_proposed,same_event_no_pair,not_generated,pair_not_proposed,0,,,,,,,stanza_craft+coref_b4b84a1e_2,LLL.d30.s0:stanza_craft+coref_b4b84a1e_2:projection-plan
lll,LLL.d30.s0,0,2,positive,negative,pair_not_proposed,same_event_no_pair,not_generated,pair_not_proposed,0,,,,,,,stanza_craft+coref_b4b84a1e_2,LLL.d30.s0:stanza_craft+coref_b4b84a1e_2:projection-plan
lll,LLL.d30.s0,0,3,positive,negative,pair_not_proposed,same_event_no_pair,not_generated,pair_not_proposed,0,,,,,,,stanza_craft+coref_b4b84a1e_2,LLL.d30.s0:stanza_craft+coref_b4b84a1e_2:projection-plan
lll,LLL.d30.s0,1,2,positive,negative,pair_not_proposed,same_event_no_pair,not_generated,pair_not_proposed,0,,,,,,,stanza_craft+coref_b4b84a1e_2,LLL.d30.s0:stanza_craft+coref_b4b84a1e_2:projection-plan
lll,LLL.d30.s0,1,3,positive,negative,pair_not_proposed,same_event_no_pair,not_generated,pair_not_proposed,0,,,,,,,stanza_craft+coref_b4b84a1e_2,LLL.d30.s0:stanza_craft+coref_b4b84a1e_2:projection-plan
lll,LLL.d30.s0,2,3,negative,negative,pair_not_proposed,same_event_no_pair,not_generated,pair_not_proposed,0,,,,,,,stanza_craft+coref_b4b84a1e_2,LLL.d30.s0:stanza_craft+coref_b4b84a1e_2:projection-plan
lll,LLL.d31.s0,0,1,positive,positive,emitted,pair_candidate_exists,applied,emitted,1,structural|AB|repress|_|verbal,repress,clause,asserted,directed,stanza_craft+coref_e525c9d4_1:rel:0,stanza_craft+coref_e525c9d4_1|stanza_craft+coref_e525c9d4_2|stanza_craft+coref_e525c9d4_3|stanza_craft+coref_e525c9d4_4,LLL.d31.s0:stanza_craft+coref_e525c9d4_1:projection-plan|LLL.d31.s0:stanza_craft+coref_e525c9d4_2:projection-plan|LLL.d31.s0:stanza_craft+coref_e525c9d4_3:projection-plan|LLL.d31.s0:stanza_craft+coref_e525c9d4_4:projection-plan
lll,LLL.d31.s0,0,2,positive,positive,emitted,pair_candidate_exists,applied,emitted,1,structural|AB|repress|_|verbal,repress,clause,asserted,directed,stanza_craft+coref_e525c9d4_1:rel:1,stanza_craft+coref_e525c9d4_1|stanza_craft+coref_e525c9d4_2|stanza_craft+coref_e525c9d4_3|stanza_craft+coref_e525c9d4_4,LLL.d31.s0:stanza_craft+coref_e525c9d4_1:projection-plan|LLL.d31.s0:stanza_craft+coref_e525c9d4_2:projection-plan|LLL.d31.s0:stanza_craft+coref_e525c9d4_3:projection-plan|LLL.d31.s0:stanza_craft+coref_e525c9d4_4:projection-plan
lll,LLL.d31.s0,0,3,positive,positive,emitted,pair_candidate_exists,applied,emitted,1,structural|AB|activate|_|verbal,activate,clause,asserted,directed,stanza_craft+coref_e525c9d4_2:rel:0,stanza_craft+coref_e525c9d4_1|stanza_craft+coref_e525c9d4_2,LLL.d31.s0:stanza_craft+coref_e525c9d4_1:projection-plan|LLL.d31.s0:stanza_craft+coref_e525c9d4_2:projection-plan
lll,LLL.d31.s0,1,2,negative,negative,pair_not_proposed,same_event_no_pair,not_generated,pair_not_proposed,0,,,,,,,stanza_craft+coref_e525c9d4_1|stanza_craft+coref_e525c9d4_3|stanza_craft+coref_e525c9d4_4,LLL.d31.s0:stanza_craft+coref_e525c9d4_1:projection-plan|LLL.d31.s0:stanza_craft+coref_e525c9d4_3:projection-plan|LLL.d31.s0:stanza_craft+coref_e525c9d4_4:projection-plan
lll,LLL.d32.s0,0,1,positive,negative,argument_not_bound,one_endpoint,not_generated,argument_not_bound,0,,,,,,,stanza_craft+coref_5fad19e1_0|stanza_craft+coref_5fad19e1_2,LLL.d32.s0:stanza_craft+coref_5fad19e1_0:projection-plan|LLL.d32.s0:stanza_craft+coref_5fad19e1_2:projection-plan
lll,LLL.d33.s0,0,1,positive,negative,argument_not_bound,separate_events,not_generated,argument_not_bound,0,,,,,,,stanza_craft+coref_c745a291_0|stanza_craft+coref_c745a291_2|stanza_craft+coref_c745a291_3,LLL.d33.s0:stanza_craft+coref_c745a291_0:projection-plan|LLL.d33.s0:stanza_craft+coref_c745a291_2:projection-plan|LLL.d33.s0:stanza_craft+coref_c745a291_3:projection-plan
lll,LLL.d33.s1,0,1,positive,positive,emitted,pair_candidate_exists,applied,emitted,1,structural|AB|bind|to|verbal,bind,clause,asserted,directed,stanza_craft+coref_bd932448_0:rel:0,stanza_craft+coref_bd932448_0|stanza_craft+coref_bd932448_1|stanza_craft+coref_bd932448_2,LLL.d33.s1:stanza_craft+coref_bd932448_0:projection-plan|LLL.d33.s1:stanza_craft+coref_bd932448_1:projection-plan|LLL.d33.s1:stanza_craft+coref_bd932448_2:projection-plan
lll,LLL.d34.s0,0,1,positive,negative,argument_not_bound,one_endpoint,not_generated,argument_not_bound,0,,,,,,,stanza_craft+coref_53d3b2fe_1,LLL.d34.s0:stanza_craft+coref_53d3b2fe_1:projection-plan
lll,LLL.d34.s0,0,2,positive,negative,argument_not_bound,one_endpoint,not_generated,argument_not_bound,0,,,,,,,stanza_craft+coref_53d3b2fe_1,LLL.d34.s0:stanza_craft+coref_53d3b2fe_1:projection-plan
lll,LLL.d34.s0,1,2,positive,negative,pair_not_proposed,same_event_no_pair,not_generated,pair_not_proposed,0,,,,,,,stanza_craft+coref_53d3b2fe_1,LLL.d34.s0:stanza_craft+coref_53d3b2fe_1:projection-plan
lll,LLL.d35.s0,0,1,positive,negative,argument_not_bound,separate_events,not_generated,argument_not_bound,0,,,,,,,stanza_craft+coref_1659ea7e_0|stanza_craft+coref_1659ea7e_1|stanza_craft+coref_1659ea7e_2,LLL.d35.s0:stanza_craft+coref_1659ea7e_0:projection-plan|LLL.d35.s0:stanza_craft+coref_1659ea7e_1:projection-plan|LLL.d35.s0:stanza_craft+coref_1659ea7e_2:projection-plan
lll,LLL.d35.s0,0,2,positive,negative,argument_not_bound,one_endpoint,not_generated,argument_not_bound,0,,,,,,,stanza_craft+coref_1659ea7e_0,LLL.d35.s0:stanza_craft+coref_1659ea7e_0:projection-plan
lll,LLL.d35.s1,0,1,positive,negative,argument_not_bound,one_endpoint,not_generated,argument_not_bound,0,,,,,,,stanza_craft+coref_ab512970_0|stanza_craft+coref_ab512970_1|stanza_craft+coref_ab512970_2,LLL.d35.s1:stanza_craft+coref_ab512970_0:projection-plan|LLL.d35.s1:stanza_craft+coref_ab512970_1:projection-plan|LLL.d35.s1:stanza_craft+coref_ab512970_2:projection-plan
lll,LLL.d35.s1,0,3,negative,positive,emitted_gold_disagreement,pair_candidate_exists,applied,emitted_gold_disagreement,1,structural|AB|prevent|from|verbal,prevent,clause,asserted,directed,stanza_craft+coref_ab512970_1:rel:0,stanza_craft+coref_ab512970_0|stanza_craft+coref_ab512970_1|stanza_craft+coref_ab512970_2,LLL.d35.s1:stanza_craft+coref_ab512970_0:projection-plan|LLL.d35.s1:stanza_craft+coref_ab512970_1:projection-plan|LLL.d35.s1:stanza_craft+coref_ab512970_2:projection-plan
lll,LLL.d35.s1,1,2,positive,negative,event_not_found,neither_endpoint,not_generated,event_not_found,0,,,,,,,,
lll,LLL.d35.s1,1,3,positive,negative,argument_not_bound,one_endpoint,not_generated,argument_not_bound,0,,,,,,,stanza_craft+coref_ab512970_1,LLL.d35.s1:stanza_craft+coref_ab512970_1:projection-plan
lll,LLL.d36.s0,0,1,positive,positive,emitted,pair_candidate_exists,applied,emitted,1,structural|AB|drive|_|verbal,drive,clause,asserted,directed,stanza_craft+coref_1893fc86_0:rel:0,stanza_craft+coref_1893fc86_0,LLL.d36.s0:stanza_craft+coref_1893fc86_0:projection-plan
lll,LLL.d36.s0,2,3,positive,negative,event_not_found,neither_endpoint,not_generated,event_not_found,0,,,,,,,,
lll,LLL.d36.s1,0,1,positive,negative,argument_not_bound,one_endpoint,not_generated,argument_not_bound,0,,,,,,,stanza_craft+coref_cb895528_1,LLL.d36.s1:stanza_craft+coref_cb895528_1:projection-plan
lll,LLL.d36.s1,0,2,positive,negative,argument_not_bound,one_endpoint,not_generated,argument_not_bound,0,,,,,,,stanza_craft+coref_cb895528_1,LLL.d36.s1:stanza_craft+coref_cb895528_1:projection-plan
lll,LLL.d36.s1,0,3,positive,positive,emitted,pair_candidate_exists,applied,emitted,1,structural|AB|regulate|_|verbal,regulate,clause,asserted,directed,stanza_craft+coref_cb895528_1:rel:0,stanza_craft+coref_cb895528_1,LLL.d36.s1:stanza_craft+coref_cb895528_1:projection-plan
lll,LLL.d36.s2,0,1,positive,negative,argument_not_bound,one_endpoint,not_generated,argument_not_bound,0,,,,,,,stanza_craft+coref_388a84e5_0,LLL.d36.s2:stanza_craft+coref_388a84e5_0:projection-plan
lll,LLL.d37.s0,0,1,positive,negative,argument_not_bound,one_endpoint,not_generated,argument_not_bound,0,,,,,,,stanza_craft+coref_bd1c5697_0,LLL.d37.s0:stanza_craft+coref_bd1c5697_0:projection-plan
lll,LLL.d37.s0,0,2,positive,negative,argument_not_bound,one_endpoint,not_generated,argument_not_bound,0,,,,,,,stanza_craft+coref_bd1c5697_0,LLL.d37.s0:stanza_craft+coref_bd1c5697_0:projection-plan
lll,LLL.d38.s0,0,2,positive,negative,argument_not_bound,one_endpoint,not_generated,argument_not_bound,0,,,,,,,stanza_craft+coref_ab86a977_0,LLL.d38.s0:stanza_craft+coref_ab86a977_0:projection-plan
lll,LLL.d38.s0,1,2,positive,negative,relational_review_only,pair_candidate_exists,review_only,relational_review_only,1,relational|RELATIONAL|member|_|nominalized,member,clause,asserted,relational,stanza_craft+coref_ab86a977_0:rel:0,stanza_craft+coref_ab86a977_0|stanza_craft+coref_ab86a977_1,LLL.d38.s0:stanza_craft+coref_ab86a977_0:projection-plan|LLL.d38.s0:stanza_craft+coref_ab86a977_1:projection-plan
lll,LLL.d39.s0,0,1,positive,negative,argument_not_bound,one_endpoint,not_generated,argument_not_bound,0,,,,,,,stanza_craft+coref_bf7aeb5c_0,LLL.d39.s0:stanza_craft+coref_bf7aeb5c_0:projection-plan
lll,LLL.d39.s0,0,3,positive,negative,argument_not_bound,separate_events,not_generated,argument_not_bound,0,,,,,,,stanza_craft+coref_bf7aeb5c_0|stanza_craft+coref_bf7aeb5c_1,LLL.d39.s0:stanza_craft+coref_bf7aeb5c_0:projection-plan|LLL.d39.s0:stanza_craft+coref_bf7aeb5c_1:projection-plan
lll,LLL.d39.s0,1,2,positive,negative,argument_not_bound,one_endpoint,not_generated,argument_not_bound,0,,,,,,,stanza_craft+coref_bf7aeb5c_1,LLL.d39.s0:stanza_craft+coref_bf7aeb5c_1:projection-plan
lll,LLL.d39.s0,2,3,positive,positive,emitted,pair_candidate_exists,applied,emitted,1,structural|AB|stimulate|_|nominalized,stimulate,event_nominal,asserted,directed,stanza_craft+coref_bf7aeb5c_1:rel:0,stanza_craft+coref_bf7aeb5c_1,LLL.d39.s0:stanza_craft+coref_bf7aeb5c_1:projection-plan
lll,LLL.d4.s0,0,1,positive,negative,argument_not_bound,one_endpoint,not_generated,argument_not_bound,0,,,,,,,stanza_craft+coref_c8d48e0c_0,LLL.d4.s0:stanza_craft+coref_c8d48e0c_0:projection-plan
lll,LLL.d4.s1,0,1,positive,negative,argument_not_bound,one_endpoint,not_generated,argument_not_bound,0,,,,,,,stanza_craft+coref_0a2149ea_0,LLL.d4.s1:stanza_craft+coref_0a2149ea_0:projection-plan
lll,LLL.d40.s0,0,1,positive,negative,argument_not_bound,separate_events,not_generated,argument_not_bound,0,,,,,,,stanza_craft+coref_b4d9a63a_0|stanza_craft+coref_b4d9a63a_1|stanza_craft+coref_b4d9a63a_2,LLL.d40.s0:stanza_craft+coref_b4d9a63a_0:projection-plan|LLL.d40.s0:stanza_craft+coref_b4d9a63a_1:projection-plan|LLL.d40.s0:stanza_craft+coref_b4d9a63a_2:projection-plan
lll,LLL.d41.s0,0,1,positive,negative,argument_not_bound,separate_events,not_generated,argument_not_bound,0,,,,,,,stanza_craft+coref_2e0d1e93_1|stanza_craft+coref_2e0d1e93_2|stanza_craft+coref_2e0d1e93_7,LLL.d41.s0:stanza_craft+coref_2e0d1e93_1:projection-plan|LLL.d41.s0:stanza_craft+coref_2e0d1e93_2:projection-plan|LLL.d41.s0:stanza_craft+coref_2e0d1e93_7:projection-plan
lll,LLL.d41.s0,0,5,negative,negative,pair_not_proposed,same_event_no_pair,not_generated,pair_not_proposed,0,,,,,,,stanza_craft+coref_2e0d1e93_1|stanza_craft+coref_2e0d1e93_2|stanza_craft+coref_2e0d1e93_5,LLL.d41.s0:stanza_craft+coref_2e0d1e93_1:projection-plan|LLL.d41.s0:stanza_craft+coref_2e0d1e93_2:projection-plan|LLL.d41.s0:stanza_craft+coref_2e0d1e93_5:projection-plan
lll,LLL.d41.s0,0,7,negative,negative,pair_not_proposed,same_event_no_pair,not_generated,pair_not_proposed,0,,,,,,,stanza_craft+coref_2e0d1e93_1|stanza_craft+coref_2e0d1e93_2|stanza_craft+coref_2e0d1e93_6,LLL.d41.s0:stanza_craft+coref_2e0d1e93_1:projection-plan|LLL.d41.s0:stanza_craft+coref_2e0d1e93_2:projection-plan|LLL.d41.s0:stanza_craft+coref_2e0d1e93_6:projection-plan
lll,LLL.d41.s0,1,2,negative,negative,relational_review_only,pair_candidate_exists,review_only,relational_review_only,1,relational|RELATIONAL|is-a|_|verbal,,appositive,asserted,relational,stanza_craft+coref_2e0d1e93_7:rel:0,stanza_craft+coref_2e0d1e93_4|stanza_craft+coref_2e0d1e93_7,LLL.d41.s0:stanza_craft+coref_2e0d1e93_4:projection-plan|LLL.d41.s0:stanza_craft+coref_2e0d1e93_7:projection-plan
lll,LLL.d41.s0,2,3,positive,positive,emitted,pair_candidate_exists,applied,emitted,1,structural|AB|inhibit|_|verbal,inhibit,clause,asserted,directed,stanza_craft+coref_2e0d1e93_4:rel:0,stanza_craft+coref_2e0d1e93_4|stanza_craft+coref_2e0d1e93_7|stanza_craft+coref_2e0d1e93_8,LLL.d41.s0:stanza_craft+coref_2e0d1e93_4:projection-plan|LLL.d41.s0:stanza_craft+coref_2e0d1e93_7:projection-plan|LLL.d41.s0:stanza_craft+coref_2e0d1e93_8:projection-plan
lll,LLL.d41.s0,2,4,positive,positive,emitted,pair_candidate_exists,applied,emitted,1,structural|AB|inhibit|_|verbal,inhibit,clause,asserted,directed,stanza_craft+coref_2e0d1e93_4:rel:1,stanza_craft+coref_2e0d1e93_4|stanza_craft+coref_2e0d1e93_7|stanza_craft+coref_2e0d1e93_8,LLL.d41.s0:stanza_craft+coref_2e0d1e93_4:projection-plan|LLL.d41.s0:stanza_craft+coref_2e0d1e93_7:projection-plan|LLL.d41.s0:stanza_craft+coref_2e0d1e93_8:projection-plan
lll,LLL.d41.s0,3,4,negative,negative,relational_review_only,pair_candidate_exists,review_only,relational_review_only,1,relational|RELATIONAL|is-a|_|verbal,,appositive,asserted,relational,stanza_craft+coref_2e0d1e93_8:rel:0,stanza_craft+coref_2e0d1e93_4|stanza_craft+coref_2e0d1e93_8,LLL.d41.s0:stanza_craft+coref_2e0d1e93_4:projection-plan|LLL.d41.s0:stanza_craft+coref_2e0d1e93_8:projection-plan
lll,LLL.d41.s0,5,6,positive,positive,emitted,pair_candidate_exists,applied,emitted,1,structural|AB|inhibit|_|verbal,inhibit,clause,asserted,directed,stanza_craft+coref_2e0d1e93_5:rel:0,stanza_craft+coref_2e0d1e93_1|stanza_craft+coref_2e0d1e93_2|stanza_craft+coref_2e0d1e93_5,LLL.d41.s0:stanza_craft+coref_2e0d1e93_1:projection-plan|LLL.d41.s0:stanza_craft+coref_2e0d1e93_2:projection-plan|LLL.d41.s0:stanza_craft+coref_2e0d1e93_5:projection-plan
lll,LLL.d41.s0,5,7,negative,negative,pair_not_proposed,same_event_no_pair,not_generated,pair_not_proposed,0,,,,,,,stanza_craft+coref_2e0d1e93_1|stanza_craft+coref_2e0d1e93_2|stanza_craft+coref_2e0d1e93_5|stanza_craft+coref_2e0d1e93_6,LLL.d41.s0:stanza_craft+coref_2e0d1e93_1:projection-plan|LLL.d41.s0:stanza_craft+coref_2e0d1e93_2:projection-plan|LLL.d41.s0:stanza_craft+coref_2e0d1e93_5:projection-plan|LLL.d41.s0:stanza_craft+coref_2e0d1e93_6:projection-plan
lll,LLL.d41.s0,7,8,positive,positive,emitted,pair_candidate_exists,applied,emitted,1,structural|AB|inhibit|_|verbal,inhibit,clause,asserted,directed,stanza_craft+coref_2e0d1e93_6:rel:0,stanza_craft+coref_2e0d1e93_1|stanza_craft+coref_2e0d1e93_2|stanza_craft+coref_2e0d1e93_6|stanza_craft+coref_2e0d1e93_9,LLL.d41.s0:stanza_craft+coref_2e0d1e93_1:projection-plan|LLL.d41.s0:stanza_craft+coref_2e0d1e93_2:projection-plan|LLL.d41.s0:stanza_craft+coref_2e0d1e93_6:projection-plan|LLL.d41.s0:stanza_craft+coref_2e0d1e93_9:projection-plan
lll,LLL.d42.s0,0,1,positive,negative,pair_not_proposed,same_event_no_pair,not_generated,pair_not_proposed,0,,,,,,,stanza_craft+coref_f5e5643c_1|stanza_craft+coref_f5e5643c_2,LLL.d42.s0:stanza_craft+coref_f5e5643c_1:projection-plan|LLL.d42.s0:stanza_craft+coref_f5e5643c_2:projection-plan
lll,LLL.d43.s0,0,1,negative,negative,pair_not_proposed,same_event_no_pair,not_generated,pair_not_proposed,0,,,,,,,stanza_craft+coref_e0a75483_0,LLL.d43.s0:stanza_craft+coref_e0a75483_0:projection-plan
lll,LLL.d43.s0,0,2,positive,positive,emitted,pair_candidate_exists,applied,emitted,1,structural|AB|recognize|_|passive,recognize,clause,asserted,directed,stanza_craft+coref_e0a75483_0:rel:0,stanza_craft+coref_e0a75483_0|stanza_craft+coref_e0a75483_2,LLL.d43.s0:stanza_craft+coref_e0a75483_0:projection-plan|LLL.d43.s0:stanza_craft+coref_e0a75483_2:projection-plan
lll,LLL.d43.s0,1,2,positive,positive,emitted,pair_candidate_exists,applied,emitted,1,structural|AB|recognize|_|passive,recognize,clause,asserted,directed,stanza_craft+coref_e0a75483_0:rel:1,stanza_craft+coref_e0a75483_0|stanza_craft+coref_e0a75483_2,LLL.d43.s0:stanza_craft+coref_e0a75483_0:projection-plan|LLL.d43.s0:stanza_craft+coref_e0a75483_2:projection-plan
lll,LLL.d43.s0,3,4,negative,negative,pair_not_proposed,same_event_no_pair,not_generated,pair_not_proposed,0,,,,,,,stanza_craft+coref_e0a75483_1,LLL.d43.s0:stanza_craft+coref_e0a75483_1:projection-plan
lll,LLL.d43.s0,3,5,positive,positive,emitted,pair_candidate_exists,applied,emitted,1,structural|AB|recognize|_|passive,recognize,clause,asserted,directed,stanza_craft+coref_e0a75483_1:rel:0,stanza_craft+coref_e0a75483_1,LLL.d43.s0:stanza_craft+coref_e0a75483_1:projection-plan
lll,LLL.d43.s0,3,6,positive,positive,emitted,pair_candidate_exists,applied,emitted,1,structural|AB|recognize|_|passive,recognize,clause,asserted,directed,stanza_craft+coref_e0a75483_1:rel:2,stanza_craft+coref_e0a75483_1|stanza_craft+coref_e0a75483_3,LLL.d43.s0:stanza_craft+coref_e0a75483_1:projection-plan|LLL.d43.s0:stanza_craft+coref_e0a75483_3:projection-plan
lll,LLL.d43.s0,4,5,positive,positive,emitted,pair_candidate_exists,applied,emitted,1,structural|AB|recognize|_|passive,recognize,clause,asserted,directed,stanza_craft+coref_e0a75483_1:rel:1,stanza_craft+coref_e0a75483_1,LLL.d43.s0:stanza_craft+coref_e0a75483_1:projection-plan
lll,LLL.d43.s0,4,6,positive,positive,emitted,pair_candidate_exists,applied,emitted,1,structural|AB|recognize|_|passive,recognize,clause,asserted,directed,stanza_craft+coref_e0a75483_1:rel:3,stanza_craft+coref_e0a75483_1|stanza_craft+coref_e0a75483_3,LLL.d43.s0:stanza_craft+coref_e0a75483_1:projection-plan|LLL.d43.s0:stanza_craft+coref_e0a75483_3:projection-plan
lll,LLL.d43.s0,5,6,negative,negative,pair_not_proposed,same_event_no_pair,not_generated,pair_not_proposed,0,,,,,,,stanza_craft+coref_e0a75483_1|stanza_craft+coref_e0a75483_3,LLL.d43.s0:stanza_craft+coref_e0a75483_1:projection-plan|LLL.d43.s0:stanza_craft+coref_e0a75483_3:projection-plan
lll,LLL.d44.s0,0,1,positive,positive,emitted,pair_candidate_exists,applied,emitted,1,structural|AB|include|_|verbal,include,clause,asserted,directed,stanza_craft+coref_a8fa14d1_0:rel:0,stanza_craft+coref_a8fa14d1_0,LLL.d44.s0:stanza_craft+coref_a8fa14d1_0:projection-plan
lll,LLL.d44.s0,0,2,positive,positive,emitted,pair_candidate_exists,applied,emitted,1,structural|AB|include|_|verbal,include,clause,asserted,directed,stanza_craft+coref_a8fa14d1_0:rel:1,stanza_craft+coref_a8fa14d1_0,LLL.d44.s0:stanza_craft+coref_a8fa14d1_0:projection-plan
lll,LLL.d44.s0,0,3,positive,negative,argument_not_bound,separate_events,not_generated,argument_not_bound,0,,,,,,,stanza_craft+coref_a8fa14d1_0|stanza_craft+coref_a8fa14d1_1,LLL.d44.s0:stanza_craft+coref_a8fa14d1_0:projection-plan|LLL.d44.s0:stanza_craft+coref_a8fa14d1_1:projection-plan
lll,LLL.d44.s0,0,4,positive,negative,argument_not_bound,separate_events,not_generated,argument_not_bound,0,,,,,,,stanza_craft+coref_a8fa14d1_0|stanza_craft+coref_a8fa14d1_1,LLL.d44.s0:stanza_craft+coref_a8fa14d1_0:projection-plan|LLL.d44.s0:stanza_craft+coref_a8fa14d1_1:projection-plan
lll,LLL.d44.s0,0,5,positive,positive,emitted,pair_candidate_exists,applied,emitted,1,structural|AB|include|_|verbal,include,clause,asserted,directed,stanza_craft+coref_a8fa14d1_0:rel:2,stanza_craft+coref_a8fa14d1_0,LLL.d44.s0:stanza_craft+coref_a8fa14d1_0:projection-plan
lll,LLL.d44.s0,0,6,positive,positive,emitted,pair_candidate_exists,applied,emitted,1,structural|AB|include|_|verbal,include,clause,asserted,directed,stanza_craft+coref_a8fa14d1_0:rel:3,stanza_craft+coref_a8fa14d1_0,LLL.d44.s0:stanza_craft+coref_a8fa14d1_0:projection-plan
lll,LLL.d44.s0,0,7,positive,positive,emitted,pair_candidate_exists,applied,emitted,1,structural|AB|include|_|verbal,include,clause,asserted,directed,stanza_craft+coref_a8fa14d1_0:rel:4,stanza_craft+coref_a8fa14d1_0,LLL.d44.s0:stanza_craft+coref_a8fa14d1_0:projection-plan
lll,LLL.d44.s0,1,2,negative,negative,pair_not_proposed,same_event_no_pair,not_generated,pair_not_proposed,0,,,,,,,stanza_craft+coref_a8fa14d1_0,LLL.d44.s0:stanza_craft+coref_a8fa14d1_0:projection-plan
lll,LLL.d44.s0,1,5,negative,negative,pair_not_proposed,same_event_no_pair,not_generated,pair_not_proposed,0,,,,,,,stanza_craft+coref_a8fa14d1_0,LLL.d44.s0:stanza_craft+coref_a8fa14d1_0:projection-plan
lll,LLL.d44.s0,1,6,negative,negative,pair_not_proposed,same_event_no_pair,not_generated,pair_not_proposed,0,,,,,,,stanza_craft+coref_a8fa14d1_0,LLL.d44.s0:stanza_craft+coref_a8fa14d1_0:projection-plan
lll,LLL.d44.s0,1,7,negative,negative,pair_not_proposed,same_event_no_pair,not_generated,pair_not_proposed,0,,,,,,,stanza_craft+coref_a8fa14d1_0,LLL.d44.s0:stanza_craft+coref_a8fa14d1_0:projection-plan
lll,LLL.d44.s0,2,5,negative,negative,pair_not_proposed,same_event_no_pair,not_generated,pair_not_proposed,0,,,,,,,stanza_craft+coref_a8fa14d1_0,LLL.d44.s0:stanza_craft+coref_a8fa14d1_0:projection-plan
lll,LLL.d44.s0,2,6,negative,negative,pair_not_proposed,same_event_no_pair,not_generated,pair_not_proposed,0,,,,,,,stanza_craft+coref_a8fa14d1_0,LLL.d44.s0:stanza_craft+coref_a8fa14d1_0:projection-plan
lll,LLL.d44.s0,2,7,negative,negative,pair_not_proposed,same_event_no_pair,not_generated,pair_not_proposed,0,,,,,,,stanza_craft+coref_a8fa14d1_0,LLL.d44.s0:stanza_craft+coref_a8fa14d1_0:projection-plan
lll,LLL.d44.s0,3,4,negative,negative,pair_not_proposed,same_event_no_pair,not_generated,pair_not_proposed,0,,,,,,,stanza_craft+coref_a8fa14d1_1,LLL.d44.s0:stanza_craft+coref_a8fa14d1_1:projection-plan
lll,LLL.d44.s0,5,6,negative,negative,pair_not_proposed,same_event_no_pair,not_generated,pair_not_proposed,0,,,,,,,stanza_craft+coref_a8fa14d1_0,LLL.d44.s0:stanza_craft+coref_a8fa14d1_0:projection-plan
lll,LLL.d44.s0,5,7,negative,negative,pair_not_proposed,same_event_no_pair,not_generated,pair_not_proposed,0,,,,,,,stanza_craft+coref_a8fa14d1_0,LLL.d44.s0:stanza_craft+coref_a8fa14d1_0:projection-plan
lll,LLL.d44.s0,6,7,negative,negative,pair_not_proposed,same_event_no_pair,not_generated,pair_not_proposed,0,,,,,,,stanza_craft+coref_a8fa14d1_0,LLL.d44.s0:stanza_craft+coref_a8fa14d1_0:projection-plan
lll,LLL.d5.s0,0,1,positive,negative,proposal_not_applied,pair_candidate_exists,not_applied,multiple_application_reasons,1,structural|NESTED|dependent|_|nested,dependent,clause,asserted,nested_review,stanza_craft+coref_e83703a5_1:rel:0,stanza_craft+coref_e83703a5_0|stanza_craft+coref_e83703a5_1|stanza_craft+coref_e83703a5_2,LLL.d5.s0:stanza_craft+coref_e83703a5_0:projection-plan|LLL.d5.s0:stanza_craft+coref_e83703a5_1:projection-plan|LLL.d5.s0:stanza_craft+coref_e83703a5_2:projection-plan
lll,LLL.d5.s0,0,2,positive,negative,argument_not_bound,separate_events,not_generated,argument_not_bound,0,,,,,,,stanza_craft+coref_e83703a5_1|stanza_craft+coref_e83703a5_2,LLL.d5.s0:stanza_craft+coref_e83703a5_1:projection-plan|LLL.d5.s0:stanza_craft+coref_e83703a5_2:projection-plan
lll,LLL.d5.s0,1,2,negative,negative,pair_not_proposed,same_event_no_pair,not_generated,pair_not_proposed,0,,,,,,,stanza_craft+coref_e83703a5_0|stanza_craft+coref_e83703a5_2,LLL.d5.s0:stanza_craft+coref_e83703a5_0:projection-plan|LLL.d5.s0:stanza_craft+coref_e83703a5_2:projection-plan
lll,LLL.d6.s0,0,1,positive,negative,relational_review_only,pair_candidate_exists,review_only,relational_review_only,1,relational|RELATIONAL|control|_|nominalized,control,clause,asserted,relational,stanza_craft+coref_a7d69d64_0:rel:0,stanza_craft+coref_a7d69d64_0,LLL.d6.s0:stanza_craft+coref_a7d69d64_0:projection-plan
lll,LLL.d6.s0,0,2,positive,negative,relational_review_only,pair_candidate_exists,review_only,relational_review_only,1,relational|RELATIONAL|control|_|nominalized,control,clause,asserted,relational,stanza_craft+coref_a7d69d64_0:rel:1,stanza_craft+coref_a7d69d64_0,LLL.d6.s0:stanza_craft+coref_a7d69d64_0:projection-plan
lll,LLL.d6.s0,1,2,negative,negative,pair_not_proposed,same_event_no_pair,not_generated,pair_not_proposed,0,,,,,,,stanza_craft+coref_a7d69d64_0,LLL.d6.s0:stanza_craft+coref_a7d69d64_0:projection-plan
lll,LLL.d7.s0,0,1,positive,negative,pair_not_proposed,same_event_no_pair,not_generated,pair_not_proposed,0,,,,,,,stanza_craft+coref_774485f1_0|stanza_craft+coref_774485f1_1,LLL.d7.s0:stanza_craft+coref_774485f1_0:projection-plan|LLL.d7.s0:stanza_craft+coref_774485f1_1:projection-plan
lll,LLL.d7.s0,0,2,negative,positive,emitted_gold_disagreement,pair_candidate_exists,applied,emitted_gold_disagreement,1,structural|AB|depend|on|verbal,depend,clause,asserted,directed,stanza_craft+coref_774485f1_0:rel:0,stanza_craft+coref_774485f1_0|stanza_craft+coref_774485f1_1,LLL.d7.s0:stanza_craft+coref_774485f1_0:projection-plan|LLL.d7.s0:stanza_craft+coref_774485f1_1:projection-plan
lll,LLL.d7.s0,1,2,positive,positive,emitted,pair_candidate_exists,applied,emitted,1,structural|AB|depend|on|verbal,depend,clause,asserted,directed,stanza_craft+coref_774485f1_0:rel:1,stanza_craft+coref_774485f1_0|stanza_craft+coref_774485f1_1,LLL.d7.s0:stanza_craft+coref_774485f1_0:projection-plan|LLL.d7.s0:stanza_craft+coref_774485f1_1:projection-plan
lll,LLL.d8.s0,0,1,positive,positive,emitted,pair_candidate_exists,applied,emitted,1,structural|AB|depend|on|verbal,depend,clause,asserted,directed,stanza_craft+coref_c81acb6d_1:rel:0,stanza_craft+coref_c81acb6d_1,LLL.d8.s0:stanza_craft+coref_c81acb6d_1:projection-plan
lll,LLL.d8.s1,0,1,positive,negative,proposal_not_applied,pair_candidate_exists,not_applied,multiple_application_reasons,1,structural|NESTED|dependent|_|nested,dependent,clause,asserted,nested_review,stanza_craft+coref_b7e54e8d_2:rel:0,stanza_craft+coref_b7e54e8d_0|stanza_craft+coref_b7e54e8d_1|stanza_craft+coref_b7e54e8d_2,LLL.d8.s1:stanza_craft+coref_b7e54e8d_0:projection-plan|LLL.d8.s1:stanza_craft+coref_b7e54e8d_1:projection-plan|LLL.d8.s1:stanza_craft+coref_b7e54e8d_2:projection-plan
lll,LLL.d8.s2,0,2,positive,negative,argument_not_bound,one_endpoint,not_generated,argument_not_bound,0,,,,,,,stanza_craft+coref_14fff4ff_0,LLL.d8.s2:stanza_craft+coref_14fff4ff_0:projection-plan
lll,LLL.d8.s2,1,2,positive,negative,argument_not_bound,one_endpoint,not_generated,argument_not_bound,0,,,,,,,stanza_craft+coref_14fff4ff_0,LLL.d8.s2:stanza_craft+coref_14fff4ff_0:projection-plan
lll,LLL.d8.s3,0,1,positive,negative,relational_review_only,pair_candidate_exists,review_only,relational_review_only,1,relational|RELATIONAL|gene|_|verbal,gene,clause,asserted,relational,stanza_craft+coref_adfb0665_1:rel:0,stanza_craft+coref_adfb0665_1,LLL.d8.s3:stanza_craft+coref_adfb0665_1:projection-plan
lll,LLL.d9.s0,0,1,positive,positive,emitted,pair_candidate_exists,applied,emitted,1,structural|AB|play|in|verbal,play,clause,asserted,directed,stanza_craft+coref_ff6699e8_2:rel:0,stanza_craft+coref_ff6699e8_2|stanza_craft+coref_ff6699e8_3,LLL.d9.s0:stanza_craft+coref_ff6699e8_2:projection-plan|LLL.d9.s0:stanza_craft+coref_ff6699e8_3:projection-plan
lll,LLL.d9.s1,0,1,positive,negative,argument_not_bound,separate_events,not_generated,argument_not_bound,0,,,,,,,stanza_craft+coref_c0eada3f_0|stanza_craft+coref_c0eada3f_1|stanza_craft+coref_c0eada3f_3,LLL.d9.s1:stanza_craft+coref_c0eada3f_0:projection-plan|LLL.d9.s1:stanza_craft+coref_c0eada3f_1:projection-plan|LLL.d9.s1:stanza_craft+coref_c0eada3f_3:projection-plan
lll,LLL.d9.s1,0,2,positive,negative,argument_not_bound,separate_events,not_generated,argument_not_bound,0,,,,,,,stanza_craft+coref_c0eada3f_0|stanza_craft+coref_c0eada3f_1|stanza_craft+coref_c0eada3f_3,LLL.d9.s1:stanza_craft+coref_c0eada3f_0:projection-plan|LLL.d9.s1:stanza_craft+coref_c0eada3f_1:projection-plan|LLL.d9.s1:stanza_craft+coref_c0eada3f_3:projection-plan
lll,LLL.d9.s1,0,3,positive,negative,argument_not_bound,separate_events,not_generated,argument_not_bound,0,,,,,,,stanza_craft+coref_c0eada3f_0|stanza_craft+coref_c0eada3f_1|stanza_craft+coref_c0eada3f_2|stanza_craft+coref_c0eada3f_4,LLL.d9.s1:stanza_craft+coref_c0eada3f_0:projection-plan|LLL.d9.s1:stanza_craft+coref_c0eada3f_1:projection-plan|LLL.d9.s1:stanza_craft+coref_c0eada3f_2:projection-plan|LLL.d9.s1:stanza_craft+coref_c0eada3f_4:projection-plan
lll,LLL.d9.s1,1,2,negative,negative,relational_review_only,pair_candidate_exists,review_only,relational_review_only,1,relational|RELATIONAL|is-a|_|verbal,,appositive,asserted,relational,stanza_craft+coref_c0eada3f_3:rel:0,stanza_craft+coref_c0eada3f_1|stanza_craft+coref_c0eada3f_3,LLL.d9.s1:stanza_craft+coref_c0eada3f_1:projection-plan|LLL.d9.s1:stanza_craft+coref_c0eada3f_3:projection-plan
lll,LLL.d9.s1,1,3,negative,negative,pair_not_proposed,same_event_no_pair,not_generated,pair_not_proposed,0,,,,,,,stanza_craft+coref_c0eada3f_1|stanza_craft+coref_c0eada3f_2|stanza_craft+coref_c0eada3f_3|stanza_craft+coref_c0eada3f_4,LLL.d9.s1:stanza_craft+coref_c0eada3f_1:projection-plan|LLL.d9.s1:stanza_craft+coref_c0eada3f_2:projection-plan|LLL.d9.s1:stanza_craft+coref_c0eada3f_3:projection-plan|LLL.d9.s1:stanza_craft+coref_c0eada3f_4:projection-plan
lll,LLL.d9.s1,2,3,negative,negative,pair_not_proposed,same_event_no_pair,not_generated,pair_not_proposed,0,,,,,,,stanza_craft+coref_c0eada3f_1|stanza_craft+coref_c0eada3f_2|stanza_craft+coref_c0eada3f_3|stanza_craft+coref_c0eada3f_4,LLL.d9.s1:stanza_craft+coref_c0eada3f_1:projection-plan|LLL.d9.s1:stanza_craft+coref_c0eada3f_2:projection-plan|LLL.d9.s1:stanza_craft+coref_c0eada3f_3:projection-plan|LLL.d9.s1:stanza_craft+coref_c0eada3f_4:projection-plan
lll,LLL.d9.s1,3,4,positive,negative,argument_not_bound,separate_events,not_generated,argument_not_bound,0,,,,,,,stanza_craft+coref_c0eada3f_1|stanza_craft+coref_c0eada3f_2|stanza_craft+coref_c0eada3f_4|stanza_craft+coref_c0eada3f_5,LLL.d9.s1:stanza_craft+coref_c0eada3f_1:projection-plan|LLL.d9.s1:stanza_craft+coref_c0eada3f_2:projection-plan|LLL.d9.s1:stanza_craft+coref_c0eada3f_4:projection-plan|LLL.d9.s1:stanza_craft+coref_c0eada3f_5:projection-plan
