corpus,sentence_id,candidate_id,pair_a,pair_b,gold_label,predicted_label,application_status,application_reason_code,decision,canonical_pattern_key,semantic_pattern_key,predicate_lemma,shape,construction,case_marker,realization_channel,event_detail,source_role,target_role,source_argument_role,target_argument_role,source_parser_dep,target_parser_dep,assertion_status,projection_mode,compound_propagated,owner_propagated,descriptor_propagated,is_nominalized,parser_source
iepa,IEPA.d0.s0,stanza_craft+coref_c994129a_0:rel:0,0,1,positive,positive,,,applied,structural|AB|stimulate|_|verbal,structural|stimulate,stimulate,AB,verbal,,clause,DEP-stimulate,sources,targets,nsubj,dobj,nsubj,obj,asserted,directed,1,1,0,0,dependency
iepa,IEPA.d10.s22,stanza_craft+coref_24e4e298_1:rel:0,0,1,positive,positive,,,applied,structural|AB|disrupt|_|nominalized,structural|disrupt,disrupt,AB,nominalized,,event_nominal,DEP-nom-disruption-subject,sources,targets,nmod:of,compound,compound,compound,asserted,directed,1,0,0,1,dependency
iepa,IEPA.d102.s241,stanza_craft+coref_368f5073_1:rel:0,0,1,positive,positive,,,applied,structural|AB|induce|_|passive,structural|induce,induce,AB,passive,,clause,DEP-induce-passive,sources,targets,nmod,nmod,obl,nmod,asserted,directed,1,1,0,0,dependency
iepa,IEPA.d103.s242,stanza_craft+coref_9fe2945c_0:rel:0,0,1,positive,positive,,,applied,structural|AB|upregulate|under|passive,structural|upregulate,upregulate,AB,passive,under,clause,DEP-upregulate-passive,sources,targets,nsubjpass,nmod:under,nsubj:pass,obl,asserted,directed,1,1,0,0,dependency
iepa,IEPA.d106.s246,stanza_craft+coref_a9d2e55b_0:rel:0,0,1,positive,positive,,,applied,structural|AB|involve|_|verbal,structural|involve,involve,AB,verbal,,clause,DEP-involve,sources,targets,nsubj,dobj,nsubj,obj,asserted,directed,0,1,0,0,dependency
iepa,IEPA.d107.s247,stanza_craft+coref_fb2bb062_2:rel:0,0,1,positive,negative,,,not_applied,structural|NESTED|dependent|_|nested,structural|NESTED|dependent|_,dependent,NESTED,nested,,clause,DEP-agentive-process-bridge-dependent,sources,targets:event_ref:stanza_craft+coref_fb2bb062_1,agentive_controller,compound,amod,compound,asserted,nested_review,1,0,0,0,dependency
iepa,IEPA.d107.s248,stanza_craft+coref_dfe2bca1_0:rel:0,0,1,positive,positive,,,applied,structural|AB|understand|_|verbal,structural|understand,understand,AB,verbal,,clause,DEP-understand,sources,targets,nsubjpass,dobj,nsubj:pass,obj,asserted,directed,1,1,0,0,dependency
iepa,IEPA.d107.s249,stanza_craft+coref_6b270eb9_4:rel:0,0,1,positive,negative,,,not_applied,structural|NESTED|dependent|_|nested,structural|NESTED|dependent|_,dependent,NESTED,nested,,clause,DEP-agentive-process-bridge-dependent,sources,targets:event_ref:stanza_craft+coref_6b270eb9_3,agentive_controller,nmod:of,amod,nmod,asserted,nested_review,0,0,0,0,dependency
iepa,IEPA.d108.s252,stanza_craft+coref_047dfad4_2:rel:0,0,1,positive,positive,,,applied,structural|AB|influence|_|verbal,structural|influence,influence,AB,verbal,,clause,DEP-influence,sources,targets,nsubj,dobj,nsubj,obj,asserted,directed,0,1,0,0,dependency
iepa,IEPA.d108.s252,stanza_craft+coref_047dfad4_2:rel:1,0,2,negative,positive,,,applied,structural|AB|influence|_|verbal,structural|influence,influence,AB,verbal,,clause,DEP-influence,sources,targets,nsubj,dobj,nsubj,obj,asserted,directed,0,1,0,0,dependency
iepa,IEPA.d108.s253,stanza_craft+coref_9dd1b8d5_0:rel:0,0,1,positive,positive,,,applied,structural|AB|decrease|in|passive,structural|decrease,decrease,AB,passive,in,clause,DEP-decrease-passive,sources,targets,nsubjpass,nmod:in,nsubj:pass,obl,asserted,directed,1,1,0,0,dependency
iepa,IEPA.d108.s255,stanza_craft+coref_121e66d8_0:rel:0,0,1,positive,positive,,,applied,structural|AB|induce|_|verbal,structural|induce,induce,AB,verbal,,clause,DEP-induce,sources,targets,nsubj,dobj,nsubj,obj,asserted,directed,0,1,0,0,dependency
iepa,IEPA.d109.s256,stanza_craft+coref_35b418a9_0:rel:0,0,1,positive,positive,,,applied,structural|AB|modulate|_|verbal,structural|modulate,modulate,AB,verbal,,clause,DEP-modulate,sources,targets,conj,conj,conj,conj,asserted,directed,0,0,0,0,dependency
iepa,IEPA.d109.s258,stanza_craft+coref_901d547f_0:rel:0,0,1,negative,negative,,,not_applied,structural|AB|alter|_|verbal,structural|alter,alter,AB,verbal,,clause,DEP-alter,sources,targets,nsubj,dobj,nsubj,obj,negated,directed,1,1,0,0,dependency
iepa,IEPA.d109.s258,stanza_craft+coref_901d547f_0:rel:1,0,2,negative,negative,,,not_applied,structural|AB|alter|_|verbal,structural|alter,alter,AB,verbal,,clause,DEP-alter,sources,targets,nsubj,dobj,nsubj,obj,negated,directed,0,1,0,0,dependency
iepa,IEPA.d109.s261,stanza_craft+coref_18cfc7df_0:rel:0,0,1,negative,negative,,,not_applied,structural|AB|affect|_|verbal,structural|affect,affect,AB,verbal,,clause,DEP-affect,sources,targets,nsubj,dobj,nsubj,obj,negated,directed,1,1,0,0,dependency
iepa,IEPA.d109.s261,stanza_craft+coref_18cfc7df_1:rel:0,2,3,positive,negative,,,not_applied,structural|AB|increase|_|verbal,structural|increase,increase,AB,verbal,,clause,DEP-increase,sources,targets,nsubj,dobj,nsubj,obj,negated,directed,1,1,0,0,dependency
iepa,IEPA.d109.s263,stanza_craft+coref_adce9172_0:rel:0,0,1,positive,positive,,,applied,structural|AB|regulate|_|passive,structural|regulate,regulate,AB,passive,,clause,DEP-regulate-passive,sources,targets,nmod,nsubjpass,obl,nsubj:pass,asserted,directed,1,1,0,0,dependency
iepa,IEPA.d11.s26,stanza_craft+coref_f0645a1f_1:rel:0,0,1,positive,positive,,,applied,structural|AB|stimulate|_|nominalized,structural|stimulate,stimulate,AB,nominalized,,event_nominal,DEP-nom-stimulation,sources,targets,nmod:of,compound,compound,compound,asserted,directed,1,0,0,1,dependency
iepa,IEPA.d11.s28,stanza_craft+coref_6a998843_0:rel:0,0,1,negative,positive,,,applied,structural|AB|prevent|_|verbal,structural|prevent,prevent,AB,verbal,,clause,DEP-prevent,sources,targets,nsubj,dobj,nsubj,obj,asserted,directed,1,1,0,0,dependency
iepa,IEPA.d112.s271,stanza_craft+coref_2a3df86e_2:rel:0,0,1,positive,positive,,,applied,structural|AB|increase|_|verbal,structural|increase,increase,AB,verbal,,clause,DEP-increase,sources,targets,nsubjpass,dobj,nsubj:pass,obj,asserted,directed,1,1,0,0,dependency
iepa,IEPA.d114.s274,stanza_craft+coref_0ff5ddfa_0:rel:0,0,1,positive,positive,,,applied,structural|AB|upregulate|_|passive,structural|upregulate,upregulate,AB,passive,,clause,DEP-upregulate-passive,sources,targets,nmod,nsubjpass,obl,nsubj:pass,asserted,directed,0,0,0,0,dependency
iepa,IEPA.d115.s278,stanza_craft+coref_58632df3_1:rel:0,0,1,positive,positive,,,applied,structural|AB|mediate|_|passive,structural|mediate,mediate,AB,passive,,clause,DEP-mediate-passive,sources,targets,nmod,nsubjpass,obl,nsubj:pass,asserted,directed,1,1,0,0,dependency
iepa,IEPA.d115.s280,stanza_craft+coref_0d7f4319_0:rel:0,0,1,negative,negative,,,not_applied,structural|AB|result|in|verbal,structural|result,result,AB,verbal,in,clause,DEP-result,sources,targets,nsubj,nmod:in,nsubj,conj,negated,directed,1,1,0,0,dependency
iepa,IEPA.d115.s281,stanza_craft+coref_36aa86de_1:rel:0,0,1,negative,negative,,,not_applied,structural|AB|have|_|verbal,structural|have,have,AB,verbal,,clause,DEP-have,sources,targets,nsubj,dobj,nsubj,obj,negated,directed,1,1,0,0,dependency
iepa,IEPA.d12.s29,stanza_craft+coref_98bf611e_1:rel:0,0,2,positive,positive,,,applied,structural|AB|regulate|_|passive,structural|regulate,regulate,AB,passive,,clause,DEP-regulate-passive,sources,targets,nmod,nsubjpass,obl,nsubj:pass,asserted,directed,1,1,0,0,dependency
iepa,IEPA.d12.s29,stanza_craft+coref_98bf611e_1:rel:1,1,2,positive,positive,,,applied,structural|AB|regulate|_|passive,structural|regulate,regulate,AB,passive,,clause,DEP-regulate-passive,sources,targets,nmod,conj,obl,conj,asserted,directed,1,1,0,0,dependency
iepa,IEPA.d121.s289,stanza_craft+coref_40e95eb8_2:rel:0,0,1,negative,negative,,,not_applied,structural|AB|affect|_|verbal,structural|affect,affect,AB,verbal,,clause,DEP-affect,sources,targets,nsubj,dobj,nsubj,obj,negated,directed,0,1,0,0,dependency
iepa,IEPA.d122.s291,stanza_craft+coref_d23376ae_1:rel:0,0,1,positive,positive,,,applied,structural|AB|favor|_|verbal,structural|favor,favor,AB,verbal,,clause,DEP-favor,sources,targets,nsubjpass,dobj,nsubj:pass,obj,asserted,directed,0,1,0,0,dependency
iepa,IEPA.d122.s293,stanza_craft+coref_09881941_0:rel:0,0,1,positive,positive,,,applied,structural|AB|favor|_|verbal,structural|favor,favor,AB,verbal,,clause,DEP-favor,sources,targets,nsubj,dobj,nsubj,obj,asserted,directed,1,1,0,0,dependency
iepa,IEPA.d124.s297,stanza_craft+coref_e565a8be_0:rel:0,0,1,positive,positive,,,applied,structural|AB|induce|_|passive,structural|induce,induce,AB,passive,,clause,DEP-induce-passive,sources,targets,nmod,nmod,obl,nmod,asserted,directed,1,1,0,0,dependency
iepa,IEPA.d126.s299,stanza_craft+coref_42bcb3a6_1:rel:0,3,4,positive,positive,,,applied,structural|AB|result|in|verbal,structural|result,result,AB,verbal,in,clause,DEP-result,sources,targets,nsubj,nmod:in,nsubj,obl,asserted,directed,1,1,0,0,dependency
iepa,IEPA.d126.s299,stanza_craft+coref_42bcb3a6_1:rel:1,3,5,positive,positive,,,applied,structural|AB|result|in|verbal,structural|result,result,AB,verbal,in,clause,DEP-result,sources,targets,nsubj,nmod:in,nsubj,obl,asserted,directed,0,1,0,0,dependency
iepa,IEPA.d126.s300,stanza_craft+coref_48e600b2_2:rel:0,1,3,positive,negative,,,review_only,relational|RELATIONAL|level|_|verbal,relational|RELATIONAL|level|_,level,RELATIONAL,verbal,,clause,DEP-CopulaIsA,entities_a,entities_b,nsubj,conj,nsubj,conj,asserted,relational,1,1,0,0,dependency
iepa,IEPA.d126.s300,stanza_craft+coref_48e600b2_2:rel:1,2,3,positive,negative,,,review_only,relational|RELATIONAL|level|_|verbal,relational|RELATIONAL|level|_,level,RELATIONAL,verbal,,clause,DEP-CopulaIsA,entities_a,entities_b,nsubj,conj,nsubj,conj,asserted,relational,1,1,0,0,dependency
iepa,IEPA.d127.s301,stanza_craft+coref_38ecc36b_0:rel:0,0,1,positive,positive,,,applied,structural|AB|reduce|_|verbal,structural|reduce,reduce,AB,verbal,,clause,DEP-reduce,sources,targets,nsubj,dobj,nsubj,obj,asserted,directed,1,1,0,0,dependency
iepa,IEPA.d127.s301,stanza_craft+coref_38ecc36b_0:rel:1,0,2,positive,positive,,,applied,structural|AB|reduce|_|verbal,structural|reduce,reduce,AB,verbal,,clause,DEP-reduce,sources,targets,nsubj,dobj,nsubj,obj,asserted,directed,1,1,0,0,dependency
iepa,IEPA.d128.s304,stanza_craft+coref_0db82959_0:rel:0,0,1,positive,positive,,,applied,structural|AB|activate|_|verbal,structural|activate,activate,AB,verbal,,clause,DEP-activate,sources,targets,nsubj,dobj,nsubj,obj,asserted,directed,0,0,0,0,dependency
iepa,IEPA.d128.s305,stanza_craft+coref_1765cf49_0:rel:0,0,1,positive,positive,,,applied,structural|AB|exert|_|verbal,structural|exert,exert,AB,verbal,,clause,DEP-exert,sources,targets,nsubj,dobj,nsubj,obj,asserted,directed,0,1,0,0,dependency
iepa,IEPA.d13.s30,stanza_craft+coref_c52c364a_2:rel:0,0,1,negative,positive,,,applied,structural|AB|cause|_|verbal,structural|cause,cause,AB,verbal,,clause,DEP-cause,sources,targets,conj,conj,conj,conj,asserted,directed,1,1,0,0,dependency
iepa,IEPA.d130.s313,stanza_craft+coref_711ba739_0:rel:0,0,1,positive,positive,,,applied,structural|AB|activate|_|verbal,structural|activate,activate,AB,verbal,,clause,DEP-activate,sources,targets,nsubj,dobj,nsubj,obj,asserted,directed,0,0,0,0,dependency
iepa,IEPA.d134.s322,stanza_craft+coref_65c805e3_1:rel:0,0,1,positive,negative,,,not_applied,structural|NESTED|induce|_|nested,structural|NESTED|induce|_,induce,NESTED,nested,,clause,DEP-agentive-process-bridge-induce,sources,targets:event_ref:stanza_craft+coref_65c805e3_0,agentive_controller,nmod:of,amod,nmod,asserted,nested_review,0,0,0,0,dependency
iepa,IEPA.d137.s325,stanza_craft+coref_5b7cccc8_0:rel:0,0,1,positive,positive,,,applied,structural|AB|stimulate|through|verbal,structural|stimulate,stimulate,AB,verbal,through,clause,DEP-stimulate,sources,targets,nsubj,nmod:through,nsubj,obl,asserted,directed,1,1,0,0,dependency
iepa,IEPA.d138.s328,stanza_craft+coref_46555926_2:rel:0,0,3,negative,positive,,,applied,structural|AB|lead|to|verbal,structural|lead,lead,AB,verbal,to,clause,DEP-lead,sources,targets,nsubjpass,nmod:to,nsubj:pass,obl,asserted,directed,0,1,0,0,dependency
iepa,IEPA.d138.s329,stanza_craft+coref_47b893a5_0:rel:0,0,1,positive,positive,,,applied,structural|AB|stimulate|_|passive,structural|stimulate,stimulate,AB,passive,,clause,DEP-stimulate-passive,sources,targets,nmod,nsubjpass,obl,nsubj:pass,asserted,directed,0,0,0,0,dependency
iepa,IEPA.d140.s335,stanza_craft+coref_b536b801_0:rel:0,0,1,positive,positive,,,applied,structural|AB|stimulate|_|verbal,structural|stimulate,stimulate,AB,verbal,,clause,DEP-stimulate,sources,targets,nsubjpass,dobj,nsubj:pass,obj,asserted,directed,1,1,0,0,dependency
iepa,IEPA.d142.s341,stanza_craft+coref_513b122b_0:rel:0,0,1,negative,negative,,,not_applied,structural|AA|associate|_|nominalized,structural|associate,associate,AA,nominalized,,clause,DEP-association-nestedinner,participants,participants,compound,conj,nmod,conj,asserted,undirected,1,1,0,1,dependency
iepa,IEPA.d143.s343,stanza_craft+coref_a1230ea9_0:rel:0,0,1,positive,positive,,,applied,structural|AB|stimulate|_|verbal,structural|stimulate,stimulate,AB,verbal,,clause,DEP-stimulate,sources,targets,nsubj,dobj,nsubj,obj,asserted,directed,1,1,0,0,dependency
iepa,IEPA.d143.s344,stanza_craft+coref_07c029a0_0:rel:0,0,1,positive,positive,,,applied,structural|AB|stimulate|_|verbal,structural|stimulate,stimulate,AB,verbal,,clause,DEP-stimulate,sources,targets,nsubj,dobj,nsubj,obj,asserted,directed,1,1,0,0,dependency
iepa,IEPA.d145.s349,stanza_craft+coref_04c96520_1:rel:0,0,1,positive,positive,,,applied,structural|AB|effect|on|nominalized,structural|effect,effect,AB,nominalized,on,event_nominal,DEP-nom-effect,sources,targets,nmod:of,nmod:on,nmod,nmod,asserted,directed,0,0,0,1,dependency
iepa,IEPA.d145.s350,stanza_craft+coref_c27bb42f_0:rel:0,0,1,positive,positive,,,applied,structural|AB|decrease|_|verbal,structural|decrease,decrease,AB,verbal,,clause,DEP-decrease,sources,targets,nsubj,dobj,nsubj,obj,asserted,directed,0,1,0,0,dependency
iepa,IEPA.d146.s354,stanza_craft+coref_aef0f33c_0:rel:0,0,1,positive,positive,,,applied,structural|AB|occur|to|verbal,structural|occur,occur,AB,verbal,to,clause,DEP-occur,sources,targets,nsubj,nmod:to,nsubj,obl,asserted,directed,1,1,0,0,dependency
iepa,IEPA.d147.s357,stanza_craft+coref_71a35260_1:rel:0,0,1,negative,positive,,,applied,structural|AB|phosphorylate|_|verbal,structural|phosphorylate,phosphorylate,AB,verbal,,clause,DEP-phosphorylate,sources,targets,nmod:poss,dobj,nsubj:pass,obj,asserted,directed,0,0,0,0,dependency
iepa,IEPA.d147.s358,stanza_craft+coref_1c6c68de_1:rel:0,1,2,negative,positive,,,applied,structural|AB|double|_|passive,structural|double,double,AB,passive,,clause,DEP-double-passive,sources,targets,nmod,nmod,obl,nmod,asserted,directed,0,1,0,0,dependency
iepa,IEPA.d148.s360,stanza_craft+coref_acb33949_1:rel:0,0,1,negative,positive,,,applied,structural|AB|code|for|verbal,structural|code,code,AB,verbal,for,clause,DEP-code,sources,targets,nmod,nmod:for,nmod,obl,asserted,directed,1,1,0,0,dependency
iepa,IEPA.d149.s362,stanza_craft+coref_d2f28c10_0:rel:0,0,1,positive,positive,,,applied,structural|AB|produce|_|verbal,structural|produce,produce,AB,verbal,,clause,DEP-produce,sources,targets,conj,dobj,conj,obj,asserted,directed,1,1,0,0,dependency
iepa,IEPA.d15.s32,stanza_craft+coref_7b6c03a1_0:rel:0,0,1,positive,positive,,,applied,structural|AB|have|_|verbal,structural|have,have,AB,verbal,,clause,DEP-have,sources,targets,nsubj,dobj,nsubj,obj,asserted,directed,1,1,0,0,dependency
iepa,IEPA.d150.s364,stanza_craft+coref_99a250da_0:rel:0,0,1,positive,positive,,,applied,structural|AB|decrease|_|verbal,structural|decrease,decrease,AB,verbal,,clause,DEP-decrease,sources,targets,nsubjpass,dobj,nsubj:pass,obj,asserted,directed,1,1,0,0,dependency
iepa,IEPA.d151.s365,stanza_craft+coref_39f7baac_1:rel:0,0,1,positive,positive,,,applied,structural|AA|relationship|among|nominalized,structural|relationship,relationship,AA,nominalized,among,event_nominal,DEP-nom-relationship-undirected,participants,participants,nmod:among,nmod:among,nmod,conj,asserted,undirected,0,0,0,1,dependency
iepa,IEPA.d153.s369,stanza_craft+coref_e1086ac4_0:rel:0,0,1,positive,positive,,,applied,structural|AB|modulate|_|verbal,structural|modulate,modulate,AB,verbal,,clause,DEP-modulate,sources,targets,conj,dobj,conj,obj,asserted,directed,0,1,0,0,dependency
iepa,IEPA.d155.s372,stanza_craft+coref_663dbf99_0:rel:0,0,1,negative,negative,,,not_applied,structural|AB|increase|_|verbal,structural|increase,increase,AB,verbal,,clause,DEP-increase,sources,targets,conj,dobj,conj,obj,negated,directed,0,1,0,0,dependency
iepa,IEPA.d157.s374,stanza_craft+coref_ace56db3_2:rel:0,0,1,positive,negative,,,not_applied,structural|NESTED|induce|_|nested,structural|NESTED|induce|_,induce,NESTED,nested,,clause,DEP-agentive-process-bridge-induce,sources,targets:event_ref:stanza_craft+coref_ace56db3_1,agentive_controller,nmod:of,amod,nmod,asserted,nested_review,0,0,0,0,dependency
iepa,IEPA.d157.s375,stanza_craft+coref_0575d9f8_3:rel:0,0,1,positive,negative,,,not_applied,structural|NESTED|induce|_|nested,structural|NESTED|induce|_,induce,NESTED,nested,,clause,DEP-agentive-process-bridge-induce,sources,targets:event_ref:stanza_craft+coref_0575d9f8_2,agentive_controller,nmod:of,amod,nmod,asserted,nested_review,0,0,0,0,dependency
iepa,IEPA.d159.s382,stanza_craft+coref_93154310_0:rel:0,0,1,positive,positive,,,applied,structural|AB|correlate|with|verbal,structural|correlate,correlate,AB,verbal,with,clause,DEP-correlate,sources,targets,nsubj,nmod:with,nsubj,conj,asserted,directed,1,1,0,0,dependency
iepa,IEPA.d159.s384,stanza_craft+coref_be675157_1:rel:0,0,1,positive,positive,,,applied,structural|AB|link|to|verbal,structural|link,link,AB,verbal,to,clause,DEP-link,sources,targets,nsubjpass,nmod:to,nsubj:pass,obl,asserted,directed,1,1,0,0,dependency
iepa,IEPA.d162.s391,stanza_craft+coref_97fd0ceb_2:rel:0,0,1,positive,positive,,,applied,structural|AB|regulate|of|nominalized,structural|regulate,regulate,AB,nominalized,of,event_nominal,DEP-nom-regulation-subject,sources,targets,nmod:by,nmod:of,nmod,compound,asserted,directed,1,0,0,1,dependency
iepa,IEPA.d162.s393,stanza_craft+coref_f251cd3e_0:rel:0,0,1,positive,positive,,,applied,structural|AB|diminish|_|verbal,structural|diminish,diminish,AB,verbal,,clause,DEP-diminish,sources,targets,nsubj,dobj,nsubj,obj,asserted,directed,1,1,0,0,dependency
iepa,IEPA.d165.s397,stanza_craft+coref_375f7388_1:rel:0,0,1,positive,positive,,,applied,structural|AA|interact|between|nominalized,structural|interact,interact,AA,nominalized,between,event_nominal,DEP-nom-interaction-undirected,participants,participants,nmod:between,nmod:between,nmod,conj,asserted,undirected,0,0,0,1,dependency
iepa,IEPA.d165.s399,stanza_craft+coref_c0807597_0:rel:0,0,1,negative,negative,,,not_applied,structural|AA|incubation|with|nominalized,structural|incubation,incubation,AA,nominalized,with,clause,DEP-incubation-nestedinner,participants,participants,nmod:with,nmod:with,nmod,conj,asserted,undirected,0,0,0,1,dependency
iepa,IEPA.d165.s401,stanza_craft+coref_e5fd6517_2:rel:0,0,1,positive,positive,,,applied,structural|AA|interact|_|verbal,structural|interact,interact,AA,verbal,,clause,DEP-interact-undirected,participants,participants,nsubj,conj,nsubj,conj,asserted,undirected,0,0,0,0,dependency
iepa,IEPA.d167.s403,stanza_craft+coref_2d23447f_1:rel:0,0,2,negative,positive,,,applied,structural|AB|increase|_|passive,structural|increase,increase,AB,passive,,clause,DEP-increase-passive,sources,targets,conj,nmod,conj,obl,asserted,directed,1,1,0,0,dependency
iepa,IEPA.d167.s403,stanza_craft+coref_2d23447f_1:rel:1,0,1,negative,negative,,,not_selected,structural|AB|increase|_|passive,structural|increase,increase,AB,passive,,clause,DEP-increase-passive,sources,targets,conj,nmod,conj,obl,negated,directed,1,1,0,0,dependency
iepa,IEPA.d168.s404,stanza_craft+coref_5c5f6b38_0:rel:0,0,1,positive,positive,,,applied,structural|AB|effect|on|nominalized,structural|effect,effect,AB,nominalized,on,event_nominal,DEP-nom-effect,sources,targets,nmod:of,nmod:on,compound,compound,asserted,directed,1,0,0,1,dependency
iepa,IEPA.d168.s405,stanza_craft+coref_1be9671d_4:rel:0,2,3,positive,positive,,,applied,structural|AB|prevent|_|verbal,structural|prevent,prevent,AB,verbal,,clause,DEP-prevent,sources,targets,nsubj,dobj,nsubj,obj,asserted,directed,0,1,0,0,dependency
iepa,IEPA.d168.s407,stanza_craft+coref_56fe4ac6_0:rel:0,0,1,positive,negative,,,not_applied,structural|AB|maintain|_|verbal,structural|maintain,maintain,AB,verbal,,clause,DEP-maintain,sources,targets,nsubj,dobj,nsubj,obj,negated,directed,1,1,0,0,dependency
iepa,IEPA.d168.s408,stanza_craft+coref_d2815c1a_2:rel:0,1,2,positive,positive,,,applied,structural|AB|effect|on|nominalized,structural|effect,effect,AB,nominalized,on,event_nominal,DEP-nom-effect,sources,targets,nmod:of,nmod:on,nmod,compound,asserted,directed,1,0,0,1,dependency
iepa,IEPA.d17.s34,stanza_craft+coref_ad8f2e85_3:rel:0,0,2,positive,positive,,,applied,structural|AB|effect|on|nominalized,structural|effect,effect,AB,nominalized,on,event_nominal,DEP-nom-effect,sources,targets,nmod:of,nmod:on,conj,dep,asserted,directed,0,0,0,1,dependency
iepa,IEPA.d17.s34,stanza_craft+coref_ad8f2e85_3:rel:1,1,2,positive,positive,,,applied,structural|AB|effect|on|nominalized,structural|effect,effect,AB,nominalized,on,event_nominal,DEP-nom-effect,sources,targets,nmod:of,nmod:on,conj,dep,asserted,directed,0,0,0,1,dependency
iepa,IEPA.d17.s35,stanza_craft+coref_38561a20_0:rel:0,0,1,positive,positive,,,applied,structural|AB|treat|with|verbal,structural|treat,treat,AB,verbal,with,clause,DEP-treat,sources,targets,nsubjpass,nmod:with,nsubj:pass,conj,asserted,directed,0,1,0,0,dependency
iepa,IEPA.d17.s36,stanza_craft+coref_2a333077_2:rel:0,0,1,negative,positive,,,applied,structural|AB|increase|after|nominalized,structural|increase,increase,AB,nominalized,after,event_nominal,DEP-nom-increase-subject,sources,targets,nmod:of,nmod:after,nmod,conj,asserted,directed,0,0,0,1,dependency
iepa,IEPA.d17.s36,stanza_craft+coref_2a333077_2:rel:1,0,2,negative,positive,,,applied,structural|AB|increase|after|nominalized,structural|increase,increase,AB,nominalized,after,event_nominal,DEP-nom-increase-subject,sources,targets,nmod:of,nmod:after,nmod,conj,asserted,directed,0,0,0,1,dependency
iepa,IEPA.d17.s38,stanza_craft+coref_ac99da21_0:rel:0,0,1,positive,positive,,,applied,structural|AB|provoke|_|verbal,structural|provoke,provoke,AB,verbal,,clause,DEP-provoke,sources,targets,conj,dobj,conj,obj,asserted,directed,0,1,0,0,dependency
iepa,IEPA.d17.s39,stanza_craft+coref_fda4823a_0:rel:0,0,1,positive,positive,,,applied,structural|AB|increase|_|verbal,structural|increase,increase,AB,verbal,,clause,DEP-increase,sources,targets,conj,dobj,conj,obj,asserted,directed,0,1,0,0,dependency
iepa,IEPA.d170.s412,stanza_craft+coref_b00d062d_0:rel:0,0,1,positive,positive,,,applied,structural|AB|reduce|_|verbal,structural|reduce,reduce,AB,verbal,,clause,DEP-reduce,sources,targets,nsubj,dobj,nsubj,obj,asserted,directed,0,1,0,0,dependency
iepa,IEPA.d172.s416,stanza_craft+coref_fc6285e0_1:rel:0,0,1,positive,negative,,,not_applied,structural|AB|cause|_|verbal,structural|cause,cause,AB,verbal,,clause,DEP-cause,sources,targets,nsubj,dobj,nsubj,obj,uncertain,directed,0,1,0,0,dependency
iepa,IEPA.d172.s417,stanza_craft+coref_427a3c94_0:rel:0,0,1,positive,positive,,,applied,structural|AB|stimulate|_|verbal,structural|stimulate,stimulate,AB,verbal,,clause,DEP-stimulate,sources,targets,conj,dobj,conj,obj,asserted,directed,0,1,0,0,dependency
iepa,IEPA.d173.s419,stanza_craft+coref_314eee8a_0:rel:0,0,1,negative,positive,,,applied,structural|AB|increase|_|passive,structural|increase,increase,AB,passive,,clause,DEP-increase-passive,sources,targets,nmod,nsubjpass,obl,nsubj:pass,asserted,directed,1,1,0,0,dependency
iepa,IEPA.d173.s421,stanza_craft+coref_318562c5_1:rel:0,0,1,positive,positive,,,applied,structural|AB|up-regulate|_|passive,structural|up-regulate,up-regulate,AB,passive,,clause,DEP-up-regulate-passive,sources,targets,nmod,nsubjpass,obl,nsubj:pass,asserted,directed,0,1,0,0,dependency
iepa,IEPA.d173.s421,stanza_craft+coref_318562c5_1:rel:1,0,2,negative,negative,,,not_selected,structural|AB|up-regulate|_|passive,structural|up-regulate,up-regulate,AB,passive,,clause,DEP-up-regulate-passive,sources,targets,conj,nsubjpass,conj,nsubj:pass,negated,directed,0,1,0,0,dependency
iepa,IEPA.d174.s423,stanza_craft+coref_0190ab17_0:rel:0,0,1,positive,positive,,,applied,structural|AB|correlate|with|passive,structural|correlate,correlate,AB,passive,with,clause,DEP-correlate-passive,sources,targets,nsubjpass,nmod:with,nsubj:pass,obl,asserted,directed,1,1,0,0,dependency
iepa,IEPA.d174.s423,stanza_craft+coref_0190ab17_0:rel:1,0,2,positive,positive,,,applied,structural|AB|correlate|with|passive,structural|correlate,correlate,AB,passive,with,clause,DEP-correlate-passive,sources,targets,nsubjpass,nmod:with,nsubj:pass,conj,asserted,directed,1,1,0,0,dependency
iepa,IEPA.d177.s427,stanza_craft+coref_6ee31307_0:rel:0,0,1,positive,negative,,,not_applied,structural|AB|prevent|_|verbal,structural|prevent,prevent,AB,verbal,,clause,DEP-prevent,sources,targets,nsubj,conj,nsubj,conj,negated,directed,1,1,0,0,dependency
iepa,IEPA.d177.s427,stanza_craft+coref_6ee31307_0:rel:1,0,2,negative,negative,,,not_applied,structural|AB|prevent|_|verbal,structural|prevent,prevent,AB,verbal,,clause,DEP-prevent,sources,targets,nsubj,conj,nsubj,conj,negated,directed,1,1,0,0,dependency
iepa,IEPA.d178.s429,stanza_craft+coref_e36e5593_0:rel:0,0,1,positive,positive,,,applied,structural|AB|couple|to|nominalized,structural|couple,couple,AB,nominalized,to,clause,DEP-coupling-nestedinner-directed,sources,targets,nmod:of,nmod:to,nmod,nmod,asserted,directed,0,0,0,1,dependency
iepa,IEPA.d18.s40,stanza_craft+coref_4d401626_0:rel:0,0,1,negative,positive,,,applied,structural|AB|adjust|for|passive,structural|adjust,adjust,AB,passive,for,clause,DEP-adjust-passive,sources,targets,nmod,nmod:for,nmod,conj,asserted,directed,1,1,0,0,dependency
iepa,IEPA.d180.s432,stanza_craft+coref_c3c7ab08_2:rel:0,0,1,positive,positive,,,applied,structural|AB|decrease|_|verbal,structural|decrease,decrease,AB,verbal,,clause,DEP-decrease,sources,targets,nsubj,dobj,nsubj,obj,asserted,directed,1,1,0,0,dependency
iepa,IEPA.d180.s434,stanza_craft+coref_c486396a_0:rel:0,0,1,positive,positive,,,applied,structural|AB|increase|_|verbal,structural|increase,increase,AB,verbal,,clause,DEP-increase,sources,targets,nsubj,dobj,nsubj,obj,asserted,directed,0,1,0,0,dependency
iepa,IEPA.d181.s435,stanza_craft+coref_c6871fe1_0:rel:0,0,1,positive,positive,,,applied,structural|AB|stimulate|_|passive,structural|stimulate,stimulate,AB,passive,,clause,DEP-stimulate-passive,sources,targets,nmod,nsubjpass,obl,nsubj:pass,asserted,directed,0,1,0,0,dependency
iepa,IEPA.d186.s445,stanza_craft+coref_da37a04c_0:rel:0,0,1,positive,positive,,,applied,structural|AB|account|for|verbal,structural|account,account,AB,verbal,for,clause,DEP-account,sources,targets,nsubj,nmod:for,nsubj,obl,asserted,directed,1,1,0,0,dependency
iepa,IEPA.d187.s448,stanza_craft+coref_e8ff6571_2:rel:0,0,1,positive,negative,,,not_applied,structural|NESTED|induce|_|nested,structural|NESTED|induce|_,induce,NESTED,nested,,clause,DEP-agentive-process-bridge-induce,sources,targets:event_ref:stanza_craft+coref_e8ff6571_1,agentive_controller,nmod:of,dep,nmod,asserted,nested_review,0,0,0,0,dependency
iepa,IEPA.d187.s450,stanza_craft+coref_33d8824a_6:rel:0,0,1,positive,negative,,,not_applied,structural|NESTED|induce|_|nested,structural|NESTED|induce|_,induce,NESTED,nested,,clause,DEP-agentive-process-bridge-induce,sources,targets:event_ref:stanza_craft+coref_33d8824a_5,agentive_controller,nmod:of,dep,nmod,asserted,nested_review,0,0,0,0,dependency
iepa,IEPA.d189.s453,stanza_craft+coref_97d8fcf2_0:rel:0,0,1,negative,positive,,,applied,structural|AB|signal|_|nominalized,structural|signal,signal,AB,nominalized,,event_nominal,DEP-nom-signaling,sources,targets,nmod:to,compound,compound,compound,asserted,directed,1,0,0,1,dependency
iepa,IEPA.d190.s454,stanza_craft+coref_976cef09_0:rel:0,0,1,positive,positive,,,applied,structural|AB|release|from|verbal,structural|release,release,AB,verbal,from,clause,DEP-release,sources,targets,ROOT,nmod:from,root,conj,asserted,directed,1,1,0,0,dependency
iepa,IEPA.d190.s455,stanza_craft+coref_bea4ea6b_0:rel:0,0,1,positive,positive,,,applied,structural|AB|act|through|verbal,structural|act,act,AB,verbal,through,clause,DEP-act,sources,targets,nsubj,nmod:through,nsubj,obl,asserted,directed,0,1,0,0,dependency
iepa,IEPA.d192.s460,stanza_craft+coref_3f405fd4_1:rel:0,0,1,positive,positive,,,applied,structural|AB|induce|_|nominalized,structural|induce,induce,AB,nominalized,,event_nominal,DEP-nom-induction-subject,sources,targets,nmod:of,compound,compound,compound,asserted,directed,1,0,0,1,dependency
iepa,IEPA.d192.s461,stanza_craft+coref_732368b7_2:rel:0,1,2,negative,positive,,,applied,structural|AB|encode|_|verbal,structural|encode,encode,AB,verbal,,clause,DEP-encode,sources,targets,dobj,dobj,obj,obj,asserted,directed,0,1,0,0,dependency
iepa,IEPA.d195.s469,stanza_craft+coref_56f82a0b_0:rel:0,0,1,positive,positive,,,applied,structural|AB|inhibit|_|verbal,structural|inhibit,inhibit,AB,verbal,,clause,DEP-inhibit,sources,targets,nsubj,dobj,nsubj,obj,asserted,directed,1,1,0,0,dependency
iepa,IEPA.d195.s470,stanza_craft+coref_bcb4dd95_1:rel:0,0,1,positive,positive,,,applied,structural|AB|alter|_|verbal,structural|alter,alter,AB,verbal,,clause,DEP-alter,sources,targets,nsubj,dobj,nsubj,obj,asserted,directed,0,1,0,0,dependency
iepa,IEPA.d195.s472,stanza_craft+coref_5098c833_0:rel:0,0,1,negative,negative,,,not_applied,structural|AB|effect|on|nominalized,structural|effect,effect,AB,nominalized,on,event_nominal,DEP-nom-effect-subject,sources,targets,nmod:of,nmod:on,nmod,compound,negated,directed,1,0,0,1,dependency
iepa,IEPA.d195.s473,stanza_craft+coref_134a7b19_0:rel:0,0,1,negative,negative,,,not_applied,structural|AB|alter|_|verbal,structural|alter,alter,AB,verbal,,clause,DEP-alter,sources,targets,nsubj,dobj,nsubj,obj,negated,directed,1,1,0,0,dependency
iepa,IEPA.d195.s475,stanza_craft+coref_e4de8138_0:rel:0,0,1,positive,positive,,,applied,structural|AB|influence|_|verbal,structural|influence,influence,AB,verbal,,clause,DEP-influence,sources,targets,nsubj,dobj,nsubj,obj,asserted,directed,0,1,0,0,dependency
iepa,IEPA.d197.s478,stanza_craft+coref_9892cf90_0:rel:0,0,1,positive,negative,,,review_only,relational|RELATIONAL|is-a|_|verbal,relational|RELATIONAL|is-a|_,,RELATIONAL,verbal,,appositive,DEP-Identity,entities_a,entities_b,ROOT,nmod,root,nmod,asserted,relational,0,1,0,0,dependency
iepa,IEPA.d197.s479,stanza_craft+coref_d0dba51b_0:rel:0,0,1,positive,positive,,,applied,structural|AB|interact|with|verbal,structural|interact,interact,AB,verbal,with,clause,DEP-interact,sources,targets,nsubj,nmod:with,nsubj,obl,asserted,directed,0,1,0,0,dependency
iepa,IEPA.d197.s482,stanza_craft+coref_2b8aa1ca_1:rel:0,0,1,positive,positive,,,applied,structural|AB|modulate|_|verbal,structural|modulate,modulate,AB,verbal,,clause,DEP-modulate,sources,targets,dobj,dobj,obj,obj,asserted,directed,0,1,0,0,dependency
iepa,IEPA.d197.s482,stanza_craft+coref_2b8aa1ca_1:rel:1,0,2,negative,positive,,,applied,structural|AB|modulate|_|verbal,structural|modulate,modulate,AB,verbal,,clause,DEP-modulate,sources,targets,dobj,dobj,obj,obj,asserted,directed,0,1,0,0,dependency
iepa,IEPA.d197.s482,stanza_craft+coref_2b8aa1ca_2:rel:0,1,2,negative,negative,,,review_only,relational|RELATIONAL|identity|_|verbal,relational|RELATIONAL|identity|_,,RELATIONAL,verbal,,appositive,DEP-LooseIdentityCandidate,entities_a,entities_b,nmod,appos,nmod,appos,asserted,relational,0,0,0,0,dependency
iepa,IEPA.d198.s483,stanza_craft+coref_beeb3156_1:rel:0,0,1,positive,positive,,,applied,structural|AB|correlate|with|verbal,structural|correlate,correlate,AB,verbal,with,clause,DEP-correlate,sources,targets,nsubj,nmod:with,nsubj,obl,asserted,directed,1,1,0,0,dependency
iepa,IEPA.d199.s484,stanza_craft+coref_8cbd0109_0:rel:0,0,1,positive,positive,,,applied,structural|AB|trigger|_|passive,structural|trigger,trigger,AB,passive,,clause,DEP-trigger-passive,sources,targets,nmod,nmod,obl,nmod,asserted,directed,0,0,0,0,dependency
iepa,IEPA.d2.s3,stanza_craft+coref_bc0d6834_5:rel:0,1,2,positive,negative,,,not_applied,structural|NESTED|induce|_|nested,structural|NESTED|induce|_,induce,NESTED,nested,,clause,DEP-agentive-process-bridge-induce,sources,targets:event_ref:stanza_craft+coref_bc0d6834_4,agentive_controller,nmod:of,dep,nmod,asserted,nested_review,0,0,0,0,dependency
iepa,IEPA.d20.s43,stanza_craft+coref_f34d1c63_0:rel:0,0,1,positive,positive,,,applied,structural|AB|increase|after|passive,structural|increase,increase,AB,passive,after,clause,DEP-increase-passive,sources,targets,nsubjpass,nmod:after,nsubj:pass,obl,asserted,directed,1,1,0,0,dependency
iepa,IEPA.d20.s44,stanza_craft+coref_13f52209_3:rel:0,0,1,positive,positive,,,applied,structural|AB|yield|_|verbal,structural|yield,yield,AB,verbal,,clause,DEP-yield,sources,targets,nsubj,dobj,nsubj,obj,asserted,directed,1,1,0,0,dependency
iepa,IEPA.d22.s46,stanza_craft+coref_d94f8185_3:rel:0,1,2,negative,positive,,,applied,structural|AB|aggregate|to|verbal,structural|aggregate,aggregate,AB,verbal,to,clause,DEP-aggregate,sources,targets,nmod,nmod:to,nmod,obl,asserted,directed,1,1,0,0,dependency
iepa,IEPA.d23.s47,stanza_craft+coref_9ee0c2d3_0:rel:0,0,1,negative,positive,,,applied,structural|AB|transform|_|verbal,structural|transform,transform,AB,verbal,,clause,DEP-transform,sources,targets,ROOT,dobj,root,nmod,asserted,directed,1,1,0,0,dependency
iepa,IEPA.d23.s47,stanza_craft+coref_9ee0c2d3_2:rel:0,0,1,negative,positive,,,applied,structural|AA|aggregate|_|compound_state,structural|aggregate,aggregate,AA,compound_state,,state_nominal,DEP-Complex,participants,participants,ROOT,ROOT,root,root,asserted,undirected,1,1,0,1,dependency
iepa,IEPA.d24.s48,stanza_craft+coref_725f9b50_3:rel:0,0,1,positive,positive,,,applied,structural|AB|influence|_|verbal,structural|influence,influence,AB,verbal,,clause,DEP-influence,sources,targets,nsubj,dobj,nsubj,obj,asserted,directed,0,1,0,0,dependency
iepa,IEPA.d24.s49,stanza_craft+coref_7478c58b_0:rel:0,0,1,positive,positive,,,applied,structural|AB|injection|of|nominalized,structural|injection,injection,AB,nominalized,of,event_nominal,DEP-nom-injection,sources,targets,nmod,nmod:of,nmod,compound,asserted,directed,1,0,0,1,dependency
iepa,IEPA.d24.s50,stanza_craft+coref_470269ba_1:rel:0,0,1,positive,positive,,,applied,structural|AB|cause|_|verbal,structural|cause,cause,AB,verbal,,clause,DEP-cause,sources,targets,nsubj,dobj,nsubj,obj,asserted,directed,1,1,0,0,dependency
iepa,IEPA.d24.s51,stanza_craft+coref_ae88598a_1:rel:0,0,1,negative,positive,,,applied,structural|AB|increase|_|verbal,structural|increase,increase,AB,verbal,,clause,DEP-increase,sources,targets,nsubj,dobj,nsubj,obj,asserted,directed,1,1,0,0,dependency
iepa,IEPA.d24.s51,stanza_craft+coref_ae88598a_4:rel:0,2,3,positive,negative,,,not_applied,structural|NESTED|induce|_|nested,structural|NESTED|induce|_,induce,NESTED,nested,,clause,DEP-agentive-process-bridge-induce,sources,targets:event_ref:stanza_craft+coref_ae88598a_3,agentive_controller,compound,amod,compound,asserted,nested_review,1,0,0,0,dependency
iepa,IEPA.d24.s52,stanza_craft+coref_c3b7fccb_0:rel:0,0,1,positive,positive,,,applied,structural|AB|cause|_|verbal,structural|cause,cause,AB,verbal,,clause,DEP-cause,sources,targets,nsubj,dobj,nsubj,obj,asserted,directed,0,1,0,0,dependency
iepa,IEPA.d25.s54,stanza_craft+coref_5a9b7929_1:rel:0,0,1,negative,positive,,,applied,structural|AB|evaluate|during|passive,structural|evaluate,evaluate,AB,passive,during,clause,DEP-evaluate-passive,sources,targets,nsubjpass,nmod:during,nsubj:pass,obl,asserted,directed,1,1,0,0,dependency
iepa,IEPA.d27.s58,stanza_craft+coref_adf4faf6_2:rel:0,0,1,positive,positive,,,applied,structural|AB|mediate|_|passive,structural|mediate,mediate,AB,passive,,clause,DEP-mediate-passive,sources,targets,nmod,nsubjpass,obl,nsubj:pass,asserted,directed,0,1,0,0,dependency
iepa,IEPA.d27.s59,stanza_craft+coref_e29b6dd5_0:rel:0,0,1,positive,positive,,,applied,structural|AB|increase|follow|passive,structural|increase,increase,AB,passive,follow,clause,DEP-increase-passive,sources,targets,nsubjpass,nmod:follow,nsubj:pass,obl,asserted,directed,0,1,0,0,dependency
iepa,IEPA.d3.s4,stanza_craft+coref_548a8707_0:rel:0,0,1,negative,positive,,,applied,structural|AA|bind|_|nominalized,structural|bind,bind,AA,nominalized,,event_nominal,DEP-nom-binding-undirected,participants,participants,compound,compound,compound,conj,asserted,undirected,1,0,0,1,dependency
iepa,IEPA.d31.s63,stanza_craft+coref_f71215b6_0:rel:0,0,1,positive,positive,,,applied,structural|AB|stimulate|_|verbal,structural|stimulate,stimulate,AB,verbal,,clause,DEP-stimulate,sources,targets,nsubj,dobj,nsubj,obj,asserted,directed,1,1,0,0,dependency
iepa,IEPA.d31.s64,stanza_craft+coref_ed28bdfc_0:rel:0,0,1,positive,positive,,,applied,structural|AB|increase|after|passive,structural|increase,increase,AB,passive,after,clause,DEP-increase-passive,sources,targets,nsubjpass,nmod:after,nsubj:pass,obl,asserted,directed,1,1,0,0,dependency
iepa,IEPA.d31.s65,stanza_craft+coref_62051c64_1:rel:0,0,1,positive,positive,,,applied,structural|AB|induce|_|verbal,structural|induce,induce,AB,verbal,,clause,DEP-induce,sources,targets,nsubj,dobj,nsubj,obj,asserted,directed,1,1,0,0,dependency
iepa,IEPA.d33.s71,stanza_craft+coref_ff14b945_0:rel:0,0,1,positive,positive,,,applied,structural|AB|effect|on|nominalized,structural|effect,effect,AB,nominalized,on,event_nominal,DEP-nom-effect,sources,targets,nmod:of,nmod:on,nmod,nmod,asserted,directed,0,0,0,1,dependency
iepa,IEPA.d33.s72,stanza_craft+coref_89794bd1_1:rel:0,1,2,positive,positive,,,applied,structural|AB|induce|_|passive,structural|induce,induce,AB,passive,,clause,DEP-induce-passive,sources,targets,nmod,nmod,obl,nmod,asserted,directed,0,0,0,0,dependency
iepa,IEPA.d33.s73,stanza_craft+coref_d929a5a9_1:rel:0,0,1,negative,positive,,,applied,structural|AB|effect|on|nominalized,structural|effect,effect,AB,nominalized,on,event_nominal,DEP-nom-effect-subject,sources,targets,nmod:of,nmod:on,nmod,compound,asserted,directed,1,0,0,1,dependency
iepa,IEPA.d33.s74,stanza_craft+coref_6fc8fc72_0:rel:0,0,1,positive,negative,,,not_applied,structural|AB|have|_|verbal,structural|have,have,AB,verbal,,clause,DEP-have,sources,targets,nsubj,dobj,nsubj,obj,negated,directed,0,1,0,0,dependency
iepa,IEPA.d33.s76,stanza_craft+coref_25928340_2:rel:0,0,1,positive,positive,,,applied,structural|AB|effect|on|nominalized,structural|effect,effect,AB,nominalized,on,event_nominal,DEP-nom-effect-subject,sources,targets,nmod:of,nmod:on,nmod,compound,asserted,directed,1,0,0,1,dependency
iepa,IEPA.d33.s79,stanza_craft+coref_594f2a9d_2:rel:0,0,1,positive,positive,,,applied,structural|AB|form|of|nominalized,structural|form,form,AB,nominalized,of,event_nominal,DEP-nom-formation-subject,sources,targets,nmod:by,nmod:of,nmod,nmod,asserted,directed,0,0,0,1,dependency
iepa,IEPA.d33.s79,stanza_craft+coref_594f2a9d_3:rel:0,0,1,positive,positive,,,review_only,relational|RELATIONAL|form|_|nominalized,relational|RELATIONAL|form|_,form,RELATIONAL,nominalized,,appositive,DEP-NominalAlias,entities_a,entities_b,nsubj,nmod,nsubj,nmod,asserted,relational,0,1,0,1,dependency
iepa,IEPA.d35.s86,stanza_craft+coref_d8777516_0:rel:0,0,1,positive,positive,,,applied,structural|AB|stimulate|_|verbal,structural|stimulate,stimulate,AB,verbal,,clause,DEP-stimulate,sources,targets,nsubj,dobj,nsubj,obj,asserted,directed,1,1,0,0,dependency
iepa,IEPA.d35.s86,stanza_craft+coref_d8777516_1:rel:0,0,2,positive,positive,,,applied,structural|AB|evoke|_|verbal,structural|evoke,evoke,AB,verbal,,clause,DEP-evoke,sources,targets,nsubj,dobj,nsubj,obj,asserted,directed,1,1,0,0,dependency
iepa,IEPA.d36.s88,stanza_craft+coref_3aa3d8c0_1:rel:0,1,2,negative,positive,,,applied,structural|AB|mimic|_|verbal,structural|mimic,mimic,AB,verbal,,clause,DEP-mimic,sources,targets,nmod,dobj,obl,obj,asserted,directed,0,1,0,0,dependency
iepa,IEPA.d39.s93,stanza_craft+coref_799e7c83_0:rel:0,0,1,negative,positive,,,applied,structural|AB|use|_|verbal,structural|use,use,AB,verbal,,clause,DEP-use,sources,targets,ROOT,dobj,root,obj,asserted,directed,0,1,0,0,dependency
iepa,IEPA.d4.s5,stanza_craft+coref_f3b4fa39_1:rel:0,0,1,negative,positive,,,applied,structural|AB|compare|to|verbal,structural|compare,compare,AB,verbal,to,clause,DEP-compare,sources,targets,nsubjpass,nmod:to,nsubj:pass,obl,asserted,directed,0,1,0,0,dependency
iepa,IEPA.d4.s6,stanza_craft+coref_4f33c99a_0:rel:0,0,1,positive,positive,,,applied,structural|AB|raise|_|verbal,structural|raise,raise,AB,verbal,,clause,DEP-raise,sources,targets,nsubj,dobj,nsubj,obj,asserted,directed,0,1,0,0,dependency
iepa,IEPA.d4.s7,stanza_craft+coref_ba25c272_1:rel:0,0,1,positive,positive,,,applied,structural|AB|activate|_|verbal,structural|activate,activate,AB,verbal,,clause,DEP-activate,sources,targets,nsubj,dobj,nsubj,obj,asserted,directed,1,1,0,0,dependency
iepa,IEPA.d40.s99,stanza_craft+coref_1b1ad09c_1:rel:0,1,2,negative,positive,,,applied,structural|AB|dissociate|from|passive,structural|dissociate,dissociate,AB,passive,from,clause,DEP-dissociate-passive,sources,targets,nsubjpass,nmod:from,nsubj:pass,obl,asserted,directed,1,1,0,0,dependency
iepa,IEPA.d42.s103,stanza_craft+coref_64dea3c1_0:rel:0,0,1,positive,positive,,,applied,structural|AB|regulate|of|nominalized,structural|regulate,regulate,AB,nominalized,of,event_nominal,DEP-nom-regulation,sources,targets,nmod:by,nmod:of,compound,compound,asserted,directed,1,0,0,1,dependency
iepa,IEPA.d42.s107,stanza_craft+coref_2960407e_3:rel:0,0,1,positive,negative,,,review_only,relational|RELATIONAL|component|_|verbal,relational|RELATIONAL|component|_,component,RELATIONAL,verbal,,clause,DEP-CopulaIsA,entities_a,entities_b,nsubj,ccomp,nsubj,ccomp,asserted,relational,1,1,0,0,dependency
iepa,IEPA.d43.s110,stanza_craft+coref_f267e2d8_0:rel:0,0,1,positive,positive,,,applied,structural|AB|increase|_|verbal,structural|increase,increase,AB,verbal,,clause,DEP-increase,sources,targets,nsubj,dobj,nsubj,obj,asserted,directed,1,1,0,0,dependency
iepa,IEPA.d43.s111,stanza_craft+coref_54973dbe_0:rel:0,0,1,positive,positive,,,applied,structural|AB|regulate|_|verbal,structural|regulate,regulate,AB,verbal,,clause,DEP-regulate,sources,targets,nsubj,dobj,nsubj,obj,asserted,directed,0,1,0,0,dependency
iepa,IEPA.d46.s116,stanza_craft+coref_c15f7284_1:rel:0,0,1,positive,positive,,,applied,structural|AB|stimulate|_|nominalized,structural|stimulate,stimulate,AB,nominalized,,event_nominal,DEP-nom-stimulation-subject,sources,targets,nmod:by,compound,compound,compound,asserted,directed,1,0,0,1,dependency
iepa,IEPA.d46.s117,stanza_craft+coref_c3f1fa4a_0:rel:0,0,1,positive,positive,,,applied,structural|AB|stimulate|_|nominalized,structural|stimulate,stimulate,AB,nominalized,,event_nominal,DEP-nom-stimulation-subject,sources,targets,nmod:by,compound,compound,compound,asserted,directed,1,0,0,1,dependency
iepa,IEPA.d46.s118,stanza_craft+coref_9968f939_1:rel:0,0,1,positive,positive,,,applied,structural|AB|stimulate|_|nominalized,structural|stimulate,stimulate,AB,nominalized,,event_nominal,DEP-nom-stimulation-subject,sources,targets,nmod:of,compound,nmod,compound,asserted,directed,1,0,0,1,dependency
iepa,IEPA.d47.s120,stanza_craft+coref_f7ef6b3f_0:rel:0,0,1,positive,positive,,,applied,structural|AB|effect|on|nominalized,structural|effect,effect,AB,nominalized,on,event_nominal,DEP-nom-effect,sources,targets,nmod:of,nmod:on,nmod,compound,asserted,directed,1,0,0,1,dependency
iepa,IEPA.d47.s121,stanza_craft+coref_941684fa_1:rel:0,0,1,positive,positive,,,applied,structural|AB|effect|on|nominalized,structural|effect,effect,AB,nominalized,on,event_nominal,DEP-nom-effect-subject,sources,targets,nmod:of,nmod:on,dep,compound,asserted,directed,1,0,0,1,dependency
iepa,IEPA.d47.s122,stanza_craft+coref_20da0b49_0:rel:0,0,1,positive,positive,,,applied,structural|AB|induce|_|passive,structural|induce,induce,AB,passive,,clause,DEP-induce-passive,sources,targets,nmod,nsubj,obl,nsubj,asserted,directed,1,1,0,0,dependency
iepa,IEPA.d48.s123,stanza_craft+coref_3c95b3b5_0:rel:0,0,1,positive,positive,,,applied,structural|AB|increase|_|verbal,structural|increase,increase,AB,verbal,,clause,DEP-increase,sources,targets,nsubj,dobj,nsubj,obj,asserted,directed,1,1,0,0,dependency
iepa,IEPA.d49.s126,stanza_craft+coref_fb5c5ab4_0:rel:0,0,1,positive,positive,,,applied,structural|AB|upregulate|_|verbal,structural|upregulate,upregulate,AB,verbal,,clause,DEP-upregulate,sources,targets,nsubj,dobj,nsubj,obj,asserted,directed,0,1,0,0,dependency
iepa,IEPA.d5.s8,stanza_craft+coref_05e42904_2:rel:0,0,1,positive,negative,,,not_applied,structural|NESTED|stimulate|_|nested,structural|NESTED|stimulate|_,stimulate,NESTED,nested,,clause,DEP-agentive-process-bridge-stimulate,sources,targets:event_ref:stanza_craft+coref_05e42904_1,agentive_controller,compound,amod,compound,asserted,nested_review,1,0,0,0,dependency
iepa,IEPA.d50.s127,stanza_craft+coref_6b165bf2_2:rel:0,1,2,positive,positive,,,applied,structural|AB|potentiate|_|verbal,structural|potentiate,potentiate,AB,verbal,,clause,DEP-potentiate,sources,targets,dobj,dobj,obj,obj,asserted,directed,1,1,0,0,dependency
iepa,IEPA.d50.s128,stanza_craft+coref_75701b27_3:rel:0,0,1,positive,negative,,,not_applied,structural|NESTED|mediate|_|nested,structural|NESTED|mediate|_,mediate,NESTED,nested,,clause,DEP-agentive-process-bridge-mediate,sources,targets:event_ref:stanza_craft+coref_75701b27_2,agentive_controller,compound,dep,compound,asserted,nested_review,1,0,0,0,dependency
iepa,IEPA.d50.s129,stanza_craft+coref_ab1c9c03_0:rel:0,1,2,negative,negative,,,review_only,relational|RELATIONAL|alter|_|nominalized,relational|RELATIONAL|alter|_,alter,RELATIONAL,nominalized,,clause,DEP-CopulaIsA,entities_a,entities_b,nsubj,ROOT,nsubj,root,asserted,relational,1,1,0,1,dependency
iepa,IEPA.d50.s129,stanza_craft+coref_ab1c9c03_2:rel:0,0,1,positive,negative,,,not_applied,structural|NESTED|mediate|_|nested,structural|NESTED|mediate|_,mediate,NESTED,nested,,clause,DEP-agentive-process-bridge-mediate,sources,targets:event_ref:stanza_craft+coref_ab1c9c03_1,agentive_controller,compound,dep,compound,asserted,nested_review,1,0,0,0,dependency
iepa,IEPA.d50.s130,stanza_craft+coref_086eba58_1:rel:0,0,1,positive,negative,,,not_applied,structural|NESTED|mediate|_|nested,structural|NESTED|mediate|_,mediate,NESTED,nested,,clause,DEP-agentive-process-bridge-mediate,sources,targets:event_ref:stanza_craft+coref_086eba58_0,agentive_controller,compound,dep,compound,asserted,nested_review,1,0,0,0,dependency
iepa,IEPA.d50.s132,stanza_craft+coref_92ccbddd_2:rel:0,0,1,negative,positive,,,applied,structural|AB|prevent|_|verbal,structural|prevent,prevent,AB,verbal,,clause,DEP-prevent,sources,targets,dobj,dobj,obj,obj,asserted,directed,1,1,0,0,dependency
iepa,IEPA.d51.s133,stanza_craft+coref_e7a6d95d_0:rel:0,0,1,positive,positive,,,applied,structural|AB|stimulate|through|verbal,structural|stimulate,stimulate,AB,verbal,through,clause,DEP-stimulate,sources,targets,nsubj,nmod:through,nsubj,obl,asserted,directed,0,1,0,0,dependency
iepa,IEPA.d52.s136,stanza_craft+coref_dfcd373d_0:rel:0,0,1,positive,positive,,,applied,structural|AB|regulate|_|passive,structural|regulate,regulate,AB,passive,,clause,DEP-regulate-passive,sources,targets,conj,nsubjpass,conj,nsubj:pass,asserted,directed,1,1,0,0,dependency
iepa,IEPA.d53.s137,stanza_craft+coref_7888b924_0:rel:0,0,2,positive,positive,,,applied,structural|AB|be|during|verbal,structural|be,be,AB,verbal,during,clause,DEP-be,sources,targets,conj,nmod:during,conj,obl,asserted,directed,0,1,0,0,dependency
iepa,IEPA.d53.s137,stanza_craft+coref_7888b924_0:rel:1,1,2,positive,positive,,,applied,structural|AB|be|during|verbal,structural|be,be,AB,verbal,during,clause,DEP-be,sources,targets,conj,nmod:during,conj,obl,asserted,directed,0,1,0,0,dependency
iepa,IEPA.d55.s141,stanza_craft+coref_784213ac_0:rel:0,0,1,positive,positive,,,applied,structural|AB|increase|_|verbal,structural|increase,increase,AB,verbal,,clause,DEP-increase,sources,targets,nsubj,dobj,nsubj,obj,asserted,directed,1,1,0,0,dependency
iepa,IEPA.d58.s151,stanza_craft+coref_6edea454_0:rel:0,0,1,positive,positive,,,applied,structural|AB|cause|_|verbal,structural|cause,cause,AB,verbal,,clause,DEP-cause,sources,targets,nsubj,dobj,nsubj,obj,asserted,directed,0,1,0,0,dependency
iepa,IEPA.d6.s11,stanza_craft+coref_68fda6c1_0:rel:0,0,1,positive,positive,,,applied,structural|AB|stimulate|_|verbal,structural|stimulate,stimulate,AB,verbal,,clause,DEP-stimulate,sources,targets,conj,dobj,conj,obj,asserted,directed,0,1,0,0,dependency
iepa,IEPA.d6.s12,stanza_craft+coref_4f46dccb_1:rel:0,0,1,positive,positive,,,applied,structural|AB|enhance|_|verbal,structural|enhance,enhance,AB,verbal,,clause,DEP-enhance,sources,targets,conj,dobj,conj,obj,asserted,directed,0,1,0,0,dependency
iepa,IEPA.d61.s158,stanza_craft+coref_08388229_0:rel:0,0,1,positive,positive,,,applied,structural|AB|increase|_|passive,structural|increase,increase,AB,passive,,clause,DEP-increase-passive,sources,targets,nmod,nsubjpass,obl,nsubj:pass,asserted,directed,0,1,0,0,dependency
iepa,IEPA.d63.s160,stanza_craft+coref_e5b4b948_0:rel:0,0,1,positive,positive,,,applied,structural|AB|relate|to|passive,structural|relate,relate,AB,passive,to,clause,DEP-relate-passive,sources,targets,dobj,nmod:to,obj,obl,asserted,directed,1,1,0,0,dependency
iepa,IEPA.d64.s161,stanza_craft+coref_e69b8346_0:rel:0,0,1,negative,negative,,,not_applied,structural|AB|induce|_|verbal,structural|induce,induce,AB,verbal,,clause,DEP-induce,sources,targets,conj,dobj,conj,obj,negated,directed,0,1,0,0,dependency
iepa,IEPA.d64.s162,stanza_craft+coref_7d463475_0:rel:0,0,1,negative,negative,,,not_applied,structural|AB|have|_|verbal,structural|have,have,AB,verbal,,clause,DEP-have,sources,targets,nsubj,dobj,nsubj,obj,negated,directed,1,1,0,0,dependency
iepa,IEPA.d65.s163,stanza_craft+coref_d33f82eb_1:rel:0,0,1,positive,negative,,,not_applied,structural|NESTED|induce|_|nested,structural|NESTED|induce|_,induce,NESTED,nested,,clause,DEP-agentive-process-bridge-induce,sources,targets:event_ref:stanza_craft+coref_d33f82eb_0,agentive_controller,nmod:of,amod,nmod,asserted,nested_review,0,0,0,0,dependency
iepa,IEPA.d66.s166,stanza_craft+coref_e5a1c37d_0:rel:0,0,1,positive,positive,,,applied,structural|AB|require|_|verbal,structural|require,require,AB,verbal,,clause,DEP-require,sources,targets,nsubj,dobj,nsubj,obj,asserted,directed,0,1,1,0,dependency
iepa,IEPA.d67.s167,stanza_craft+coref_5e45fde3_0:rel:0,0,1,negative,positive,,,applied,structural|AB|suggest|_|verbal,structural|suggest,suggest,AB,verbal,,clause,DEP-suggest,sources,targets,nsubj,dobj,nsubj,obj,asserted,directed,0,1,0,0,dependency
iepa,IEPA.d67.s168,stanza_craft+coref_5d9158c1_0:rel:0,0,1,negative,positive,,,applied,structural|AB|determine|_|verbal,structural|determine,determine,AB,verbal,,clause,DEP-determine,sources,targets,dobj,dobj,obj,obj,asserted,directed,0,1,0,0,dependency
iepa,IEPA.d7.s13,stanza_craft+coref_7ce54c74_1:rel:0,0,1,positive,positive,,,applied,structural|AB|lower|_|verbal,structural|lower,lower,AB,verbal,,clause,DEP-lower,sources,targets,nsubj,dobj,nsubj,obj,asserted,directed,1,1,0,0,dependency
iepa,IEPA.d73.s175,stanza_craft+coref_f8dd6c82_2:rel:0,0,1,negative,negative,,,not_applied,structural|AB|provoke|_|verbal,structural|provoke,provoke,AB,verbal,,clause,DEP-provoke,sources,targets,conj,dobj,conj,obj,negated,directed,0,0,1,0,dependency
iepa,IEPA.d74.s176,stanza_craft+coref_01828fd7_1:rel:0,0,1,positive,positive,,,applied,structural|AB|favor|_|verbal,structural|favor,favor,AB,verbal,,clause,DEP-favor,sources,targets,nsubj,dobj,nsubj,obj,asserted,directed,1,1,0,0,dependency
iepa,IEPA.d74.s177,stanza_craft+coref_eddb69e0_0:rel:0,0,1,positive,positive,,,applied,structural|AB|accompany|_|passive,structural|accompany,accompany,AB,passive,,clause,DEP-accompany-passive,sources,targets,nmod,nsubjpass,obl,nsubj:pass,asserted,directed,1,1,0,0,dependency
iepa,IEPA.d74.s177,stanza_craft+coref_eddb69e0_0:rel:1,0,2,positive,positive,,,applied,structural|AB|accompany|_|passive,structural|accompany,accompany,AB,passive,,clause,DEP-accompany-passive,sources,targets,nmod,nsubjpass,obl,nsubj:pass,asserted,directed,1,1,0,0,dependency
iepa,IEPA.d74.s177,stanza_craft+coref_eddb69e0_0:rel:2,0,3,positive,positive,,,applied,structural|AB|accompany|_|passive,structural|accompany,accompany,AB,passive,,clause,DEP-accompany-passive,sources,targets,nmod,nsubjpass,obl,nsubj:pass,asserted,directed,1,1,0,0,dependency
iepa,IEPA.d74.s178,stanza_craft+coref_20d42559_0:rel:0,0,1,positive,positive,,,applied,structural|AB|maintain|_|verbal,structural|maintain,maintain,AB,verbal,,clause,DEP-maintain,sources,targets,nsubj,dobj,nsubj,obj,asserted,directed,0,1,0,0,dependency
iepa,IEPA.d74.s178,stanza_craft+coref_20d42559_0:rel:1,0,2,positive,positive,,,applied,structural|AB|maintain|_|verbal,structural|maintain,maintain,AB,verbal,,clause,DEP-maintain,sources,targets,nsubj,dobj,nsubj,obj,asserted,directed,0,1,0,0,dependency
iepa,IEPA.d74.s178,stanza_craft+coref_20d42559_0:rel:2,0,3,positive,positive,,,applied,structural|AB|maintain|_|verbal,structural|maintain,maintain,AB,verbal,,clause,DEP-maintain,sources,targets,nsubj,dobj,nsubj,obj,asserted,directed,0,1,0,0,dependency
iepa,IEPA.d78.s187,stanza_craft+coref_bbd194a3_0:rel:0,0,2,negative,positive,,,applied,structural|AB|assess|_|verbal,structural|assess,assess,AB,verbal,,clause,DEP-assess,sources,targets,nsubjpass,dobj,nsubj:pass,obj,asserted,directed,1,1,0,0,dependency
iepa,IEPA.d78.s187,stanza_craft+coref_bbd194a3_0:rel:1,1,2,negative,positive,,,applied,structural|AB|assess|_|verbal,structural|assess,assess,AB,verbal,,clause,DEP-assess,sources,targets,nsubjpass,dobj,nsubj:pass,obj,asserted,directed,1,1,0,0,dependency
iepa,IEPA.d78.s188,stanza_craft+coref_8fcc4888_0:rel:0,0,1,positive,positive,,,applied,structural|AB|activate|_|verbal,structural|activate,activate,AB,verbal,,clause,DEP-activate,sources,targets,nsubj,dobj,nsubj,obj,asserted,directed,0,0,0,0,dependency
iepa,IEPA.d8.s16,stanza_craft+coref_eb4fbf73_0:rel:0,0,1,positive,positive,,,applied,structural|AB|stimulate|_|verbal,structural|stimulate,stimulate,AB,verbal,,clause,DEP-stimulate,sources,targets,conj,dobj,conj,obj,asserted,directed,1,1,0,0,dependency
iepa,IEPA.d8.s17,stanza_craft+coref_ea8865d7_4:rel:0,0,1,positive,positive,,,applied,structural|AB|generate|_|verbal,structural|generate,generate,AB,verbal,,clause,DEP-generate,sources,targets,nsubjpass,dobj,nsubj:pass,obj,asserted,directed,1,1,0,0,dependency
iepa,IEPA.d80.s190,stanza_craft+coref_1e7aebec_0:rel:0,0,1,negative,positive,,,applied,structural|AB|explore|_|verbal,structural|explore,explore,AB,verbal,,clause,DEP-explore,sources,targets,dobj,dobj,obj,obj,asserted,directed,1,1,0,0,dependency
iepa,IEPA.d80.s190,stanza_craft+coref_1e7aebec_0:rel:1,0,2,negative,positive,,,applied,structural|AB|explore|_|verbal,structural|explore,explore,AB,verbal,,clause,DEP-explore,sources,targets,dobj,dobj,obj,obj,asserted,directed,1,1,0,0,dependency
iepa,IEPA.d80.s191,stanza_craft+coref_52e9ad00_0:rel:0,0,1,positive,positive,,,applied,structural|AB|decrease|_|verbal,structural|decrease,decrease,AB,verbal,,clause,DEP-decrease,sources,targets,nsubj,conj,nsubj,conj,asserted,directed,1,1,0,0,dependency
iepa,IEPA.d81.s193,stanza_craft+coref_2fbd1b16_0:rel:0,0,1,positive,positive,,,applied,structural|AB|activate|_|verbal,structural|activate,activate,AB,verbal,,clause,DEP-activate,sources,targets,nsubj,conj,nsubj,conj,asserted,directed,1,1,0,0,dependency
iepa,IEPA.d81.s194,stanza_craft+coref_6dacb792_1:rel:0,0,1,positive,negative,,,not_applied,structural|AB|activate|_|nominalized,structural|activate,activate,AB,nominalized,,event_nominal,DEP-nom-activation,sources,targets,nmod:of,compound,nmod,compound,negated,directed,1,0,0,1,dependency
iepa,IEPA.d82.s197,stanza_craft+coref_7ac82223_2:rel:0,0,1,positive,positive,,,applied,structural|AB|increase|_|verbal,structural|increase,increase,AB,verbal,,clause,DEP-increase,sources,targets,nsubj,dobj,nsubj,obj,asserted,directed,1,1,0,0,dependency
iepa,IEPA.d84.s199,stanza_craft+coref_55f5f873_0:rel:0,0,1,positive,positive,,,applied,structural|AB|effect|on|nominalized,structural|effect,effect,AB,nominalized,on,event_nominal,DEP-nom-effect,sources,targets,nmod:of,nmod:on,compound,compound,asserted,directed,1,0,0,1,dependency
iepa,IEPA.d84.s199,stanza_craft+coref_55f5f873_1:rel:0,1,2,negative,positive,,,applied,structural|AB|response|_|nominalized,structural|response,response,AB,nominalized,,event_nominal,DEP-nom-response,sources,targets,nmod:to,compound,compound,compound,asserted,directed,1,0,0,1,dependency
iepa,IEPA.d84.s201,stanza_craft+coref_bb813f11_0:rel:0,0,2,negative,positive,,,applied,structural|AB|measure|with|passive,structural|measure,measure,AB,passive,with,clause,DEP-measure-passive,sources,targets,nsubjpass,nmod:with,nsubj:pass,obl,asserted,directed,1,1,0,0,dependency
iepa,IEPA.d84.s202,stanza_craft+coref_4a345d28_0:rel:0,0,1,negative,positive,,,applied,structural|AB|take|before|passive,structural|take,take,AB,passive,before,clause,DEP-take-passive,sources,targets,nsubjpass,nmod:before,nsubj:pass,obl,asserted,directed,1,1,0,0,dependency
iepa,IEPA.d89.s210,stanza_craft+coref_018fced6_0:rel:0,0,1,negative,positive,,,applied,structural|AB|determine|_|verbal,structural|determine,determine,AB,verbal,,clause,DEP-determine,sources,targets,dobj,dobj,obj,obj,asserted,directed,1,1,0,0,dependency
iepa,IEPA.d89.s212,stanza_craft+coref_a8ae6c30_1:rel:0,0,1,positive,positive,,,applied,structural|AB|increase|_|verbal,structural|increase,increase,AB,verbal,,clause,DEP-increase,sources,targets,nsubj,dobj,nsubj,obj,asserted,directed,0,1,0,0,dependency
iepa,IEPA.d89.s212,stanza_craft+coref_a8ae6c30_1:rel:1,0,2,positive,positive,,,applied,structural|AB|increase|_|verbal,structural|increase,increase,AB,verbal,,clause,DEP-increase,sources,targets,nsubj,conj,nsubj,conj,asserted,directed,0,1,0,0,dependency
iepa,IEPA.d89.s212,stanza_craft+coref_a8ae6c30_1:rel:2,0,3,positive,positive,,,applied,structural|AB|increase|_|verbal,structural|increase,increase,AB,verbal,,clause,DEP-increase,sources,targets,nsubj,conj,nsubj,conj,asserted,directed,0,1,0,0,dependency
iepa,IEPA.d9.s19,stanza_craft+coref_603a5f08_0:rel:0,0,1,positive,positive,,,applied,structural|AB|administration|for|nominalized,structural|administration,administration,AB,nominalized,for,event_nominal,DEP-nom-administration,sources,targets,nmod:of,nmod:for,nmod,dep,asserted,directed,0,0,0,1,dependency
iepa,IEPA.d9.s21,stanza_craft+coref_1c796ce5_2:rel:0,0,1,positive,negative,,,not_applied,structural|NESTED|induce|_|nested,structural|NESTED|induce|_,induce,NESTED,nested,,clause,DEP-agentive-process-bridge-induce,sources,targets:event_ref:stanza_craft+coref_1c796ce5_1,agentive_controller,compound,dep,compound,asserted,nested_review,1,0,0,0,dependency
iepa,IEPA.d90.s213,stanza_craft+coref_ee760ab4_1:rel:0,0,1,positive,positive,,,applied,structural|AB|regulate|of|nominalized,structural|regulate,regulate,AB,nominalized,of,event_nominal,DEP-nom-regulation,sources,targets,nmod:by,nmod:of,nmod,nmod,asserted,directed,0,0,0,1,dependency
iepa,IEPA.d90.s214,stanza_craft+coref_96fce5b0_1:rel:0,0,1,positive,positive,,,applied,structural|AB|regulate|of|nominalized,structural|regulate,regulate,AB,nominalized,of,event_nominal,DEP-nom-regulation-subject,sources,targets,nmod:by,nmod:of,nmod,compound,asserted,directed,1,0,0,1,dependency
iepa,IEPA.d91.s219,stanza_craft+coref_6c138175_1:rel:0,0,1,positive,negative,,,not_applied,structural|NESTED|stimulate|_|nested,structural|NESTED|stimulate|_,stimulate,NESTED,nested,,clause,DEP-agentive-process-bridge-stimulate,sources,targets:event_ref:stanza_craft+coref_6c138175_0,agentive_controller,compound,amod,compound,asserted,nested_review,1,0,0,0,dependency
iepa,IEPA.d91.s222,stanza_craft+coref_83ac2be3_2:rel:0,0,1,positive,negative,,,not_applied,structural|NESTED|induce|_|nested,structural|NESTED|induce|_,induce,NESTED,nested,,clause,DEP-agentive-process-bridge-induce,sources,targets:event_ref:stanza_craft+coref_83ac2be3_1,agentive_controller,compound,amod,compound,asserted,nested_review,1,0,0,0,dependency
iepa,IEPA.d91.s224,stanza_craft+coref_39af2340_0:rel:0,0,1,positive,positive,,,applied,structural|AB|increase|_|verbal,structural|increase,increase,AB,verbal,,clause,DEP-increase,sources,targets,nsubj,dobj,nsubj,obj,asserted,directed,1,1,0,0,dependency
iepa,IEPA.d95.s229,stanza_craft+coref_20019b17_0:rel:0,0,1,positive,positive,,,applied,structural|AB|overlap|with|verbal,structural|overlap,overlap,AB,verbal,with,clause,DEP-overlap,sources,targets,nsubj,nmod:with,nsubj,obl,asserted,directed,0,1,0,0,dependency
iepa,IEPA.d95.s230,stanza_craft+coref_d88e6bb7_0:rel:0,0,1,negative,positive,,,applied,structural|AB|suggest|_|verbal,structural|suggest,suggest,AB,verbal,,clause,DEP-suggest,sources,targets,nsubj,dobj,nsubj,obj,asserted,directed,1,1,0,0,dependency
iepa,IEPA.d96.s232,stanza_craft+coref_736db800_0:rel:0,0,1,positive,positive,,,applied,structural|AB|associate|with|passive,structural|associate,associate,AB,passive,with,clause,DEP-associate-passive,sources,targets,nsubjpass,nmod:with,nsubj:pass,obl,asserted,directed,1,1,0,0,dependency
iepa,IEPA.d96.s232,stanza_craft+coref_736db800_0:rel:1,0,2,positive,positive,,,applied,structural|AB|associate|with|passive,structural|associate,associate,AB,passive,with,clause,DEP-associate-passive,sources,targets,nsubjpass,nmod:with,nsubj:pass,conj,asserted,directed,1,1,0,0,dependency
iepa,IEPA.d99.s237,stanza_craft+coref_5550f447_0:rel:0,0,1,positive,positive,,,applied,structural|AB|inhibit|_|verbal,structural|inhibit,inhibit,AB,verbal,,clause,DEP-inhibit,sources,targets,nsubj,dobj,nsubj,obj,asserted,directed,1,1,0,0,dependency
iepa,IEPA.d99.s238,stanza_craft+coref_07b0a7b9_0:rel:0,0,1,negative,positive,,,applied,structural|AB|study|_|verbal,structural|study,study,AB,verbal,,clause,DEP-study,sources,targets,nsubjpass,dobj,nsubj:pass,obj,asserted,directed,1,1,0,0,dependency
iepa,IEPA.d99.s238,stanza_craft+coref_07b0a7b9_0:rel:1,0,2,negative,positive,,,applied,structural|AB|study|_|verbal,structural|study,study,AB,verbal,,clause,DEP-study,sources,targets,conj,dobj,conj,obj,asserted,directed,1,1,0,0,dependency
