corpus,dimension,evaluable_firings,mixed_firings,mixed_firing_share,assessable_cells,unanimous_cells,isolated_contrary_cells,split_cells
aimed,canonical_pattern,1490,1324,0.8886,74,22,27,25
aimed,semantic_pattern,1605,1454,0.9059,56,18,21,17
aimed,carrier_pattern,159,78,0.4906,16,10,2,4
bioinfer,canonical_pattern,1365,1148,0.841,76,27,22,27
bioinfer,semantic_pattern,1534,1374,0.8957,66,18,17,31
bioinfer,carrier_pattern,102,43,0.4216,10,7,1,2
hprd50,canonical_pattern,83,11,0.1325,8,6,2,0
hprd50,semantic_pattern,111,84,0.7568,8,2,4,2
hprd50,carrier_pattern,0,0,0.0,0,0,0,0
iepa,canonical_pattern,60,36,0.6,7,3,3,1
iepa,semantic_pattern,100,53,0.53,10,5,3,2
iepa,carrier_pattern,11,6,0.5455,2,1,1,0
lll,canonical_pattern,24,0,0.0,4,4,0,0
lll,semantic_pattern,37,11,0.2973,5,4,1,0
lll,carrier_pattern,17,5,0.2941,2,1,1,0
