corpus,dimension,key,support,gold_positive,gold_negative,minority,cpr,wilson_low,wilson_high,label_entropy,kind
aimed,canonical_pattern,relational|RELATIONAL|is-a|_|verbal,345,21,324,21,0.0609,0.0402,0.0913,0.3309,isolated_contrary
aimed,canonical_pattern,structural|AA|complex|_|compound_state,140,45,95,45,0.3214,0.2497,0.4027,0.9059,split
aimed,canonical_pattern,structural|AB|interact|with|verbal,96,78,18,18,0.8125,0.723,0.878,0.6962,isolated_contrary
aimed,canonical_pattern,structural|AB|bind|to|verbal,68,49,19,19,0.7206,0.6044,0.8132,0.8546,split
aimed,canonical_pattern,structural|AB|interact|with|nominalized,50,31,19,19,0.62,0.4815,0.7414,0.958,split
aimed,canonical_pattern,structural|AB|bind|_|verbal,41,24,17,17,0.5854,0.4337,0.7224,0.9789,split
aimed,canonical_pattern,structural|AB|associate|with|verbal,37,28,9,9,0.7568,0.5988,0.8664,0.8004,isolated_contrary
aimed,canonical_pattern,structural|AA|interact|between|nominalized,33,23,10,10,0.697,0.5266,0.8262,0.885,split
aimed,canonical_pattern,relational|RELATIONAL|identity|_|verbal,29,5,24,5,0.1724,0.076,0.3455,0.6632,isolated_contrary
aimed,canonical_pattern,structural|AB|contain|_|verbal,27,5,22,5,0.1852,0.0818,0.367,0.6913,isolated_contrary
aimed,canonical_pattern,structural|AB|activate|_|verbal,26,16,10,10,0.6154,0.4253,0.7757,0.9612,split
aimed,canonical_pattern,structural|AB|induce|_|verbal,24,7,17,7,0.2917,0.1491,0.4917,0.8709,split
aimed,canonical_pattern,structural|NESTED|require|_|nested,22,3,19,3,0.1364,0.0475,0.3334,0.5746,isolated_contrary
aimed,canonical_pattern,structural|AB|associate|with|passive,22,18,4,4,0.8182,0.6148,0.9269,0.684,isolated_contrary
aimed,canonical_pattern,structural|AB|bind|to|nominalized,21,19,2,2,0.9048,0.7109,0.9735,0.4537,isolated_contrary
aimed,canonical_pattern,structural|AA|bind|_|nominalized,19,1,18,1,0.0526,0.0094,0.2464,0.2975,isolated_contrary
aimed,canonical_pattern,structural|AA|associate|with|nominalized,18,1,17,1,0.0556,0.0099,0.2576,0.3095,isolated_contrary
aimed,canonical_pattern,structural|AB|mediate|_|passive,17,5,12,5,0.2941,0.1328,0.5313,0.874,split
aimed,canonical_pattern,structural|AB|result|in|verbal,15,1,14,1,0.0667,0.0119,0.2982,0.3534,isolated_contrary
aimed,canonical_pattern,structural|AB|inhibit|_|verbal,14,3,11,3,0.2143,0.0757,0.4759,0.7496,isolated_contrary
aimed,canonical_pattern,structural|NESTED|increase|_|nested,14,2,12,2,0.1429,0.0401,0.3994,0.5917,isolated_contrary
aimed,canonical_pattern,structural|AA|interact|_|nominalized,13,7,6,6,0.5385,0.2914,0.7679,0.9957,split
aimed,canonical_pattern,structural|AB|associate|with|nominalized,13,11,2,2,0.8462,0.5776,0.9567,0.6194,isolated_contrary
aimed,canonical_pattern,structural|AA|heterodimer|_|compound_state,12,7,5,5,0.5833,0.3195,0.8067,0.9799,split
aimed,canonical_pattern,structural|AA|interact|_|verbal,12,3,9,3,0.25,0.0889,0.5323,0.8113,isolated_contrary
aimed,canonical_pattern,structural|AB|stimulate|_|verbal,11,3,8,3,0.2727,0.0975,0.5657,0.8454,split
aimed,canonical_pattern,structural|AB|interact|_|nominalized,10,7,3,3,0.7,0.3968,0.8922,0.8813,split
aimed,canonical_pattern,structural|AA|dimerization|of|nominalized,9,2,7,2,0.2222,0.0632,0.5474,0.7642,isolated_contrary
aimed,canonical_pattern,structural|AB|use|_|verbal,9,1,8,1,0.1111,0.0199,0.435,0.5033,isolated_contrary
aimed,canonical_pattern,relational|RELATIONAL|ligand|_|verbal,9,8,1,1,0.8889,0.565,0.9801,0.5033,isolated_contrary
aimed,canonical_pattern,structural|AA|interact|with|nominalized,9,1,8,1,0.1111,0.0199,0.435,0.5033,isolated_contrary
aimed,canonical_pattern,structural|AA|interact|of|nominalized,9,2,7,2,0.2222,0.0632,0.5474,0.7642,isolated_contrary
aimed,canonical_pattern,structural|AB|exist|_|verbal,9,2,7,2,0.2222,0.0632,0.5474,0.7642,isolated_contrary
aimed,canonical_pattern,structural|NESTED|form|_|nested,9,2,7,2,0.2222,0.0632,0.5474,0.7642,isolated_contrary
aimed,canonical_pattern,relational|RELATIONAL|agonist|_|verbal,8,6,2,2,0.75,0.4093,0.9285,0.8113,isolated_contrary
aimed,canonical_pattern,structural|AB|complex|with|passive,7,4,3,3,0.5714,0.2505,0.8418,0.9852,split
aimed,canonical_pattern,structural|AB|phosphorylate|_|verbal,7,4,3,3,0.5714,0.2505,0.8418,0.9852,split
aimed,canonical_pattern,structural|AB|recruit|to|passive,7,1,6,1,0.1429,0.0257,0.5131,0.5917,isolated_contrary
aimed,canonical_pattern,structural|AB|decrease|_|verbal,7,2,5,2,0.2857,0.0822,0.6411,0.8631,split
aimed,canonical_pattern,structural|AB|bind|to|passive,7,4,3,3,0.5714,0.2505,0.8418,0.9852,split
aimed,canonical_pattern,relational|RELATIONAL|domain|_|verbal,7,2,5,2,0.2857,0.0822,0.6411,0.8631,split
aimed,canonical_pattern,structural|AA|bind|of|nominalized,6,2,4,2,0.3333,0.0968,0.7,0.9183,split
aimed,canonical_pattern,structural|AB|require|for|passive,6,3,3,3,0.5,0.1876,0.8124,1.0,split
aimed,canonical_pattern,structural|AB|share|_|verbal,6,2,4,2,0.3333,0.0968,0.7,0.9183,split
aimed,canonical_pattern,structural|AA|associate|between|nominalized,6,5,1,1,0.8333,0.4365,0.9699,0.65,isolated_contrary
aimed,canonical_pattern,structural|NESTED|involve|in|nested,6,2,4,2,0.3333,0.0968,0.7,0.9183,split
aimed,canonical_pattern,structural|AB|evidence|with|nominalized,6,2,4,2,0.3333,0.0968,0.7,0.9183,split
aimed,canonical_pattern,structural|AB|compare|to|verbal,6,2,4,2,0.3333,0.0968,0.7,0.9183,split
aimed,canonical_pattern,structural|AB|have|_|verbal,5,2,3,2,0.4,0.1176,0.7693,0.971,split
aimed,canonical_pattern,relational|RELATIONAL|substrate|_|nominalized,5,1,4,1,0.2,0.0362,0.6245,0.7219,isolated_contrary
aimed,canonical_pattern,structural|AB|mediate|_|verbal,5,1,4,1,0.2,0.0362,0.6245,0.7219,isolated_contrary
aimed,canonical_pattern,structural|AB|cleave|_|verbal,5,3,2,2,0.6,0.2307,0.8824,0.971,split
aimed,carrier_pattern,complex|structural|AA|complex|_|compound_state,41,18,23,18,0.439,0.2989,0.5896,0.9892,split
aimed,carrier_pattern,complex|structural|AB|contain|_|verbal,10,3,7,3,0.3,0.1078,0.6032,0.8813,split
aimed,carrier_pattern,protein|structural|AB|interact|with|verbal,9,7,2,2,0.7778,0.4526,0.9368,0.7642,isolated_contrary
aimed,carrier_pattern,heterodimer|structural|AA|heterodimer|_|compound_state,6,3,3,3,0.5,0.1876,0.8124,1.0,split
aimed,carrier_pattern,protein|structural|AB|bind|to|verbal,6,3,3,3,0.5,0.1876,0.8124,1.0,split
aimed,carrier_pattern,interaction|structural|AB|mediate|_|verbal,6,1,5,1,0.1667,0.0301,0.5635,0.65,isolated_contrary
aimed,semantic_pattern,relational|RELATIONAL|is-a|_,345,21,324,21,0.0609,0.0402,0.0913,0.3309,isolated_contrary
aimed,semantic_pattern,structural|interact,248,160,88,88,0.6452,0.5838,0.7021,0.9383,split
aimed,semantic_pattern,structural|bind,170,103,67,67,0.6059,0.5309,0.6762,0.9674,split
aimed,semantic_pattern,structural|complex,156,51,105,51,0.3269,0.2582,0.4039,0.9118,split
aimed,semantic_pattern,structural|associate,99,64,35,35,0.6465,0.5484,0.7336,0.9372,split
aimed,semantic_pattern,structural|activate,38,23,15,15,0.6053,0.4472,0.744,0.9678,split
aimed,semantic_pattern,relational|RELATIONAL|identity|_,29,5,24,5,0.1724,0.076,0.3455,0.6632,isolated_contrary
aimed,semantic_pattern,structural|mediate,27,7,20,7,0.2593,0.1317,0.4468,0.8256,split
aimed,semantic_pattern,structural|contain,27,5,22,5,0.1852,0.0818,0.367,0.6913,isolated_contrary
aimed,semantic_pattern,structural|induce,26,9,17,9,0.3462,0.1941,0.5378,0.9306,split
aimed,semantic_pattern,structural|NESTED|require|_,22,3,19,3,0.1364,0.0475,0.3334,0.5746,isolated_contrary
aimed,semantic_pattern,structural|result,18,1,17,1,0.0556,0.0099,0.2576,0.3095,isolated_contrary
aimed,semantic_pattern,structural|inhibit,17,3,14,3,0.1765,0.0619,0.4103,0.6723,isolated_contrary
aimed,semantic_pattern,structural|recruit,15,2,13,2,0.1333,0.0374,0.3788,0.5665,isolated_contrary
aimed,semantic_pattern,relational|RELATIONAL|ligand|_,14,13,1,1,0.9286,0.6853,0.9873,0.3712,isolated_contrary
aimed,semantic_pattern,structural|NESTED|increase|_,14,2,12,2,0.1429,0.0401,0.3994,0.5917,isolated_contrary
aimed,semantic_pattern,structural|share,13,2,11,2,0.1538,0.0433,0.4224,0.6194,isolated_contrary
aimed,semantic_pattern,structural|stimulate,13,3,10,3,0.2308,0.0818,0.5026,0.7793,isolated_contrary
aimed,semantic_pattern,structural|heterodimer,12,7,5,5,0.5833,0.3195,0.8067,0.9799,split
aimed,semantic_pattern,structural|encode,11,2,9,2,0.1818,0.0514,0.477,0.684,isolated_contrary
aimed,semantic_pattern,structural|form,11,5,6,5,0.4545,0.2127,0.7199,0.994,split
aimed,semantic_pattern,structural|phosphorylate,11,6,5,5,0.5455,0.2801,0.7873,0.994,split
aimed,semantic_pattern,structural|dimerization,9,2,7,2,0.2222,0.0632,0.5474,0.7642,isolated_contrary
aimed,semantic_pattern,structural|use,9,1,8,1,0.1111,0.0199,0.435,0.5033,isolated_contrary
aimed,semantic_pattern,structural|exist,9,2,7,2,0.2222,0.0632,0.5474,0.7642,isolated_contrary
aimed,semantic_pattern,structural|NESTED|form|_,9,2,7,2,0.2222,0.0632,0.5474,0.7642,isolated_contrary
aimed,semantic_pattern,structural|have,8,2,6,2,0.25,0.0715,0.5907,0.8113,isolated_contrary
aimed,semantic_pattern,structural|require,8,3,5,3,0.375,0.1368,0.6943,0.9544,split
aimed,semantic_pattern,structural|cleave,8,6,2,2,0.75,0.4093,0.9285,0.8113,isolated_contrary
aimed,semantic_pattern,relational|RELATIONAL|agonist|_,8,6,2,2,0.75,0.4093,0.9285,0.8113,isolated_contrary
aimed,semantic_pattern,structural|decrease,7,2,5,2,0.2857,0.0822,0.6411,0.8631,split
aimed,semantic_pattern,structural|contribute,7,1,6,1,0.1429,0.0257,0.5131,0.5917,isolated_contrary
aimed,semantic_pattern,relational|RELATIONAL|domain|_,7,2,5,2,0.2857,0.0822,0.6411,0.8631,split
aimed,semantic_pattern,structural|regulate,6,3,3,3,0.5,0.1876,0.8124,1.0,split
aimed,semantic_pattern,structural|NESTED|involve|in,6,2,4,2,0.3333,0.0968,0.7,0.9183,split
aimed,semantic_pattern,structural|evidence,6,2,4,2,0.3333,0.0968,0.7,0.9183,split
aimed,semantic_pattern,structural|compare,6,2,4,2,0.3333,0.0968,0.7,0.9183,split
aimed,semantic_pattern,relational|RELATIONAL|substrate|_,5,1,4,1,0.2,0.0362,0.6245,0.7219,isolated_contrary
bioinfer,canonical_pattern,relational|RELATIONAL|is-a|_|verbal,272,71,201,71,0.261,0.2124,0.3163,0.8283,split
bioinfer,canonical_pattern,structural|AA|complex|_|compound_state,132,98,34,34,0.7424,0.6617,0.8094,0.8231,split
bioinfer,canonical_pattern,structural|AA|interact|between|nominalized,70,36,34,34,0.5143,0.3995,0.6275,0.9994,split
bioinfer,canonical_pattern,structural|AB|bind|to|verbal,61,48,13,13,0.7869,0.6688,0.871,0.7474,isolated_contrary
bioinfer,canonical_pattern,relational|RELATIONAL|identity|_|verbal,45,26,19,19,0.5778,0.433,0.7103,0.9825,split
bioinfer,canonical_pattern,structural|AB|interact|with|nominalized,37,32,5,5,0.8649,0.7202,0.9409,0.5714,isolated_contrary
bioinfer,canonical_pattern,structural|AB|encode|_|verbal,28,16,12,12,0.5714,0.3907,0.7349,0.9852,split
bioinfer,canonical_pattern,structural|AA|interact|of|nominalized,24,22,2,2,0.9167,0.7415,0.9768,0.4138,isolated_contrary
bioinfer,canonical_pattern,structural|AB|involve|in|passive,23,19,4,4,0.8261,0.6286,0.9302,0.6666,isolated_contrary
bioinfer,canonical_pattern,structural|AB|interact|with|verbal,22,15,7,7,0.6818,0.4732,0.8364,0.9024,split
bioinfer,canonical_pattern,structural|AB|have|_|verbal,22,12,10,10,0.5455,0.3466,0.7308,0.994,split
bioinfer,canonical_pattern,structural|AB|inhibit|_|verbal,21,12,9,9,0.5714,0.3655,0.7553,0.9852,split
bioinfer,canonical_pattern,structural|NESTED|associate|with|nested,21,12,9,9,0.5714,0.3655,0.7553,0.9852,split
bioinfer,canonical_pattern,structural|AB|bind|_|verbal,20,15,5,5,0.75,0.5313,0.8881,0.8113,isolated_contrary
bioinfer,canonical_pattern,structural|AB|relate|to|passive,19,8,11,8,0.4211,0.2314,0.6372,0.9819,split
bioinfer,canonical_pattern,structural|AB|link|_|verbal,17,16,1,1,0.9412,0.7302,0.9895,0.3228,isolated_contrary
bioinfer,canonical_pattern,structural|AB|regulate|_|verbal,17,14,3,3,0.8235,0.5897,0.9381,0.6723,isolated_contrary
bioinfer,canonical_pattern,structural|NESTED|involve|_|nested,17,9,8,8,0.5294,0.3096,0.7384,0.9975,split
bioinfer,canonical_pattern,structural|NESTED|form|_|nested,17,15,2,2,0.8824,0.6566,0.9671,0.5226,isolated_contrary
bioinfer,canonical_pattern,structural|AB|bind|to|nominalized,15,13,2,2,0.8667,0.6212,0.9626,0.5665,isolated_contrary
bioinfer,canonical_pattern,structural|AB|induce|_|verbal,14,7,7,7,0.5,0.268,0.732,1.0,split
bioinfer,canonical_pattern,relational|RELATIONAL|target|_|nominalized,14,12,2,2,0.8571,0.6006,0.9599,0.5917,isolated_contrary
bioinfer,canonical_pattern,structural|AB|use|_|verbal,13,6,7,6,0.4615,0.2321,0.7086,0.9957,split
bioinfer,canonical_pattern,relational|RELATIONAL|domain|_|verbal,12,8,4,4,0.6667,0.3906,0.8619,0.9183,split
bioinfer,canonical_pattern,relational|RELATIONAL|mechanism|_|verbal,12,6,6,6,0.5,0.2538,0.7462,1.0,split
bioinfer,canonical_pattern,structural|AB|affect|_|passive,12,8,4,4,0.6667,0.3906,0.8619,0.9183,split
bioinfer,canonical_pattern,structural|AB|lead|to|verbal,11,8,3,3,0.7273,0.4343,0.9025,0.8454,split
bioinfer,canonical_pattern,structural|AB|cause|_|verbal,11,9,2,2,0.8182,0.523,0.9486,0.684,isolated_contrary
bioinfer,canonical_pattern,structural|AA|interact|_|verbal,10,9,1,1,0.9,0.5958,0.9821,0.469,isolated_contrary
bioinfer,canonical_pattern,structural|AB|stimulate|_|verbal,10,7,3,3,0.7,0.3968,0.8922,0.8813,split
bioinfer,canonical_pattern,structural|AB|contain|_|verbal,9,4,5,4,0.4444,0.1888,0.7334,0.9911,split
bioinfer,canonical_pattern,structural|AB|suppress|_|verbal,9,8,1,1,0.8889,0.565,0.9801,0.5033,isolated_contrary
bioinfer,canonical_pattern,structural|AB|phosphorylate|_|verbal,9,8,1,1,0.8889,0.565,0.9801,0.5033,isolated_contrary
bioinfer,canonical_pattern,structural|AB|mediate|_|verbal,8,4,4,4,0.5,0.2152,0.7848,1.0,split
bioinfer,canonical_pattern,structural|AB|associate|with|passive,8,7,1,1,0.875,0.5291,0.9776,0.5436,isolated_contrary
bioinfer,canonical_pattern,structural|AB|associate|with|verbal,8,6,2,2,0.75,0.4093,0.9285,0.8113,isolated_contrary
bioinfer,canonical_pattern,structural|AB|activate|_|verbal,8,6,2,2,0.75,0.4093,0.9285,0.8113,isolated_contrary
bioinfer,canonical_pattern,relational|RELATIONAL|member|_|nominalized,7,2,5,2,0.2857,0.0822,0.6411,0.8631,split
bioinfer,canonical_pattern,structural|AB|bind|to|passive,7,6,1,1,0.8571,0.4869,0.9743,0.5917,isolated_contrary
bioinfer,canonical_pattern,relational|RELATIONAL|receptor|_|nominalized,6,5,1,1,0.8333,0.4365,0.9699,0.65,isolated_contrary
bioinfer,canonical_pattern,structural|AB|copurify|with|verbal,6,2,4,2,0.3333,0.0968,0.7,0.9183,split
bioinfer,canonical_pattern,structural|AB|exhibit|_|verbal,6,2,4,2,0.3333,0.0968,0.7,0.9183,split
bioinfer,canonical_pattern,structural|AB|accompany|_|passive,6,3,3,3,0.5,0.1876,0.8124,1.0,split
bioinfer,canonical_pattern,structural|AA|heterotrimer|_|compound_state,6,3,3,3,0.5,0.1876,0.8124,1.0,split
bioinfer,canonical_pattern,structural|NESTED|involve|through|nested,6,2,4,2,0.3333,0.0968,0.7,0.9183,split
bioinfer,canonical_pattern,structural|AB|induce|_|passive,5,4,1,1,0.8,0.3755,0.9638,0.7219,isolated_contrary
bioinfer,canonical_pattern,structural|AB|function|in|verbal,5,1,4,1,0.2,0.0362,0.6245,0.7219,isolated_contrary
bioinfer,canonical_pattern,structural|AB|influence|_|verbal,5,4,1,1,0.8,0.3755,0.9638,0.7219,isolated_contrary
bioinfer,canonical_pattern,structural|AB|share|_|verbal,5,2,3,2,0.4,0.1176,0.7693,0.971,split
bioinfer,carrier_pattern,complex|structural|AA|complex|_|compound_state,28,24,4,4,0.8571,0.6851,0.943,0.5917,isolated_contrary
bioinfer,carrier_pattern,effect|structural|AB|have|_|verbal,8,3,5,3,0.375,0.1368,0.6943,0.9544,split
bioinfer,carrier_pattern,protein|structural|AA|interact|_|nominalized,7,5,2,2,0.7143,0.3589,0.9178,0.8631,split
bioinfer,semantic_pattern,relational|RELATIONAL|is-a|_,272,71,201,71,0.261,0.2124,0.3163,0.8283,split
bioinfer,semantic_pattern,structural|interact,172,120,52,52,0.6977,0.6253,0.7614,0.8841,split
bioinfer,semantic_pattern,structural|complex,154,116,38,38,0.7532,0.6795,0.8146,0.8061,isolated_contrary
bioinfer,semantic_pattern,structural|bind,117,94,23,23,0.8034,0.7223,0.8653,0.715,isolated_contrary
bioinfer,semantic_pattern,relational|RELATIONAL|identity|_,45,26,19,19,0.5778,0.433,0.7103,0.9825,split
bioinfer,semantic_pattern,structural|associate,37,31,6,6,0.8378,0.6886,0.9235,0.6395,isolated_contrary
bioinfer,semantic_pattern,structural|encode,31,19,12,12,0.6129,0.4382,0.7627,0.9629,split
bioinfer,semantic_pattern,structural|link,27,26,1,1,0.963,0.8172,0.9934,0.2285,isolated_contrary
bioinfer,semantic_pattern,structural|regulate,25,22,3,3,0.88,0.7004,0.9583,0.5294,isolated_contrary
bioinfer,semantic_pattern,structural|have,25,13,12,12,0.52,0.335,0.6997,0.9988,split
bioinfer,semantic_pattern,structural|involve,24,20,4,4,0.8333,0.6415,0.9332,0.65,isolated_contrary
bioinfer,semantic_pattern,structural|inhibit,23,13,10,10,0.5652,0.3681,0.7437,0.9877,split
bioinfer,semantic_pattern,structural|relate,23,12,11,11,0.5217,0.3296,0.7076,0.9986,split
bioinfer,semantic_pattern,structural|induce,22,14,8,8,0.6364,0.4295,0.8027,0.9457,split
bioinfer,semantic_pattern,structural|NESTED|associate|with,21,12,9,9,0.5714,0.3655,0.7553,0.9852,split
bioinfer,semantic_pattern,structural|promote,20,11,9,9,0.55,0.3421,0.7418,0.9928,split
bioinfer,semantic_pattern,structural|stimulate,20,9,11,9,0.45,0.2582,0.6579,0.9928,split
bioinfer,semantic_pattern,structural|affect,17,13,4,4,0.7647,0.5274,0.9045,0.7871,isolated_contrary
bioinfer,semantic_pattern,structural|activate,17,14,3,3,0.8235,0.5897,0.9381,0.6723,isolated_contrary
bioinfer,semantic_pattern,structural|NESTED|involve|_,17,9,8,8,0.5294,0.3096,0.7384,0.9975,split
bioinfer,semantic_pattern,structural|NESTED|form|_,17,15,2,2,0.8824,0.6566,0.9671,0.5226,isolated_contrary
bioinfer,semantic_pattern,structural|cause,15,13,2,2,0.8667,0.6212,0.9626,0.5665,isolated_contrary
bioinfer,semantic_pattern,relational|RELATIONAL|target|_,14,12,2,2,0.8571,0.6006,0.9599,0.5917,isolated_contrary
bioinfer,semantic_pattern,structural|form,13,10,3,3,0.7692,0.4974,0.9182,0.7793,isolated_contrary
bioinfer,semantic_pattern,structural|use,13,6,7,6,0.4615,0.2321,0.7086,0.9957,split
bioinfer,semantic_pattern,structural|mediate,12,4,8,4,0.3333,0.1381,0.6094,0.9183,split
bioinfer,semantic_pattern,relational|RELATIONAL|domain|_,12,8,4,4,0.6667,0.3906,0.8619,0.9183,split
bioinfer,semantic_pattern,structural|require,12,11,1,1,0.9167,0.6461,0.9851,0.4138,isolated_contrary
bioinfer,semantic_pattern,relational|RELATIONAL|mechanism|_,12,6,6,6,0.5,0.2538,0.7462,1.0,split
bioinfer,semantic_pattern,structural|lead,11,8,3,3,0.7273,0.4343,0.9025,0.8454,split
bioinfer,semantic_pattern,structural|cross-link,11,7,4,4,0.6364,0.3538,0.8483,0.9457,split
bioinfer,semantic_pattern,structural|phosphorylate,10,9,1,1,0.9,0.5958,0.9821,0.469,isolated_contrary
bioinfer,semantic_pattern,structural|contain,9,4,5,4,0.4444,0.1888,0.7334,0.9911,split
bioinfer,semantic_pattern,structural|suppress,9,8,1,1,0.8889,0.565,0.9801,0.5033,isolated_contrary
bioinfer,semantic_pattern,structural|function,9,5,4,4,0.5556,0.2666,0.8112,0.9911,split
bioinfer,semantic_pattern,structural|influence,9,5,4,4,0.5556,0.2666,0.8112,0.9911,split
bioinfer,semantic_pattern,structural|correlate,8,5,3,3,0.625,0.3057,0.8632,0.9544,split
bioinfer,semantic_pattern,structural|occur,8,4,4,4,0.5,0.2152,0.7848,1.0,split
bioinfer,semantic_pattern,structural|copurify,7,3,4,3,0.4286,0.1582,0.7495,0.9852,split
bioinfer,semantic_pattern,structural|exhibit,7,2,5,2,0.2857,0.0822,0.6411,0.8631,split
bioinfer,semantic_pattern,relational|RELATIONAL|member|_,7,2,5,2,0.2857,0.0822,0.6411,0.8631,split
bioinfer,semantic_pattern,relational|RELATIONAL|receptor|_,6,5,1,1,0.8333,0.4365,0.9699,0.65,isolated_contrary
bioinfer,semantic_pattern,structural|accompany,6,3,3,3,0.5,0.1876,0.8124,1.0,split
bioinfer,semantic_pattern,structural|decrease,6,2,4,2,0.3333,0.0968,0.7,0.9183,split
bioinfer,semantic_pattern,structural|heterotrimer,6,3,3,3,0.5,0.1876,0.8124,1.0,split
bioinfer,semantic_pattern,structural|NESTED|involve|through,6,2,4,2,0.3333,0.0968,0.7,0.9183,split
bioinfer,semantic_pattern,structural|acetylate,5,1,4,1,0.2,0.0362,0.6245,0.7219,isolated_contrary
bioinfer,semantic_pattern,structural|share,5,2,3,2,0.4,0.1176,0.7693,0.971,split
hprd50,canonical_pattern,structural|AB|result|in|verbal,6,5,1,1,0.8333,0.4365,0.9699,0.65,isolated_contrary
hprd50,canonical_pattern,relational|RELATIONAL|identity|_|verbal,5,1,4,1,0.2,0.0362,0.6245,0.7219,isolated_contrary
hprd50,semantic_pattern,structural|interact,36,35,1,1,0.9722,0.8583,0.9951,0.1831,isolated_contrary
hprd50,semantic_pattern,structural|bind,20,7,13,7,0.35,0.1812,0.5671,0.9341,split
hprd50,semantic_pattern,structural|associate,11,10,1,1,0.9091,0.6226,0.9838,0.4395,isolated_contrary
hprd50,semantic_pattern,structural|result,6,5,1,1,0.8333,0.4365,0.9699,0.65,isolated_contrary
hprd50,semantic_pattern,structural|cross-link,6,4,2,2,0.6667,0.3,0.9032,0.9183,split
hprd50,semantic_pattern,relational|RELATIONAL|identity|_,5,1,4,1,0.2,0.0362,0.6245,0.7219,isolated_contrary
iepa,canonical_pattern,structural|AB|increase|_|verbal,14,12,2,2,0.8571,0.6006,0.9599,0.5917,isolated_contrary
iepa,canonical_pattern,structural|AB|effect|on|nominalized,12,10,2,2,0.8333,0.552,0.953,0.65,isolated_contrary
iepa,canonical_pattern,structural|AB|prevent|_|verbal,5,2,3,2,0.4,0.1176,0.7693,0.971,split
iepa,canonical_pattern,structural|AB|cause|_|verbal,5,4,1,1,0.8,0.3755,0.9638,0.7219,isolated_contrary
iepa,carrier_pattern,effect|structural|AB|have|_|verbal,6,1,5,1,0.1667,0.0301,0.5635,0.65,isolated_contrary
iepa,semantic_pattern,structural|increase,23,16,7,7,0.6957,0.4913,0.844,0.8865,split
iepa,semantic_pattern,structural|effect,12,10,2,2,0.8333,0.552,0.953,0.65,isolated_contrary
iepa,semantic_pattern,structural|induce,8,7,1,1,0.875,0.5291,0.9776,0.5436,isolated_contrary
iepa,semantic_pattern,structural|prevent,5,2,3,2,0.4,0.1176,0.7693,0.971,split
iepa,semantic_pattern,structural|cause,5,4,1,1,0.8,0.3755,0.9638,0.7219,isolated_contrary
lll,carrier_pattern,transcription|structural|AB|activate|_|verbal,5,4,1,1,0.8,0.3755,0.9638,0.7219,isolated_contrary
lll,semantic_pattern,structural|activate,11,10,1,1,0.9091,0.6226,0.9838,0.4395,isolated_contrary
